--
INSERT INTO users (login, password, role) VALUES ('rise_not@yandex.ru', '%d%6UDdiMRk39$72', 'user');
INSERT INTO users (login, password, role) VALUES ('water_system@yandex.ru', '+HH5mX^u3)je^0ey', 'user');
INSERT INTO users (login, password, role) VALUES ('tax_everyone@rambler.ru', '@TIj@$2FX%Exu)Lc', 'user');
INSERT INTO users (login, password, role) VALUES ('site_add@yahoo.com', 'iy3mVHY$$j4)URoT', 'user');
INSERT INTO users (login, password, role) VALUES ('offer_interview@yandex.ru', '!+zypA4Cj8Y@1$kh', 'user');
INSERT INTO users (login, password, role) VALUES ('claim_baby@gmail.com', '^VHz70Y2+5fi@Gis', 'user');
INSERT INTO users (login, password, role) VALUES ('stop_hospital@mail.ru', 'A$K*2GhH_gI7Yc$I', 'user');
INSERT INTO users (login, password, role) VALUES ('class_your@yandex.ru', 'C4e%IwYE5W^D+zht', 'user');
INSERT INTO users (login, password, role) VALUES ('energy_offer@rambler.ru', ')3RY6G+OSI7*HUny', 'user');
INSERT INTO users (login, password, role) VALUES ('goal_consumer@rambler.ru', '%+(d)2K7+mVnW#gd', 'user');
INSERT INTO users (login, password, role) VALUES ('these_idea@mail.ru', '6#VXFiRaA+1NgT)d', 'user');
INSERT INTO users (login, password, role) VALUES ('true_hot@yandex.ru', '@t6*LGn$NF&+1K5R', 'user');
INSERT INTO users (login, password, role) VALUES ('power_sing@mail.ru', 'KJz6no)smH+iG4%(', 'user');
INSERT INTO users (login, password, role) VALUES ('politics_not@gmail.com', 'TiWk6xG*j@uN_MRk', 'user');
INSERT INTO users (login, password, role) VALUES ('require_adult@mail.ru', 'bl!%kFchC^6uXPsC', 'user');
INSERT INTO users (login, password, role) VALUES ('yeah_down@mail.ru', 'Y#&CC0Ha#smza%(p', 'user');
INSERT INTO users (login, password, role) VALUES ('now_space@mail.ru', '0z+3uKPoXyB*b0#g', 'user');
INSERT INTO users (login, password, role) VALUES ('best_box@gmail.com', 'UO4^1PmqZM!PfYC!', 'user');
INSERT INTO users (login, password, role) VALUES ('budget_role@gmail.com', '3&UN+6@46dn7I2Iu', 'user');
INSERT INTO users (login, password, role) VALUES ('central_year@gmail.com', '&K^nk^nHFIK9NJ9d', 'user');
INSERT INTO users (login, password, role) VALUES ('star_reduce@yahoo.com', 'U*f3KtQcMe^#9K3N', 'user');
INSERT INTO users (login, password, role) VALUES ('blue_treatment@yahoo.com', '$8WR!QPDd%!V+@l1', 'user');
INSERT INTO users (login, password, role) VALUES ('method_poor@yahoo.com', '35L8aEKY*^_B22a_', 'user');
INSERT INTO users (login, password, role) VALUES ('point_well@gmail.com', 'j*)4D%#uGHg&kt3c', 'user');
INSERT INTO users (login, password, role) VALUES ('operation_science@yahoo.com', '(_m7A0AoJjDGJC1D', 'user');
INSERT INTO users (login, password, role) VALUES ('ability_tend@rambler.ru', '@kiyoVM*V2W5J&j#', 'user');
INSERT INTO users (login, password, role) VALUES ('long_other@gmail.com', '#)Ez3Dj(pZC+qBlY', 'user');
INSERT INTO users (login, password, role) VALUES ('amount_indicate@rambler.ru', '$Bh2rYVf6pxNR+5J', 'user');
INSERT INTO users (login, password, role) VALUES ('writer_concern@rambler.ru', 'DFP7)CZ0#(_lLt(u', 'user');
INSERT INTO users (login, password, role) VALUES ('still_member@yandex.ru', 'Q3yGFLPu^!8WHx!c', 'user');
INSERT INTO users (login, password, role) VALUES ('country_sport@gmail.com', 'T90SH5q@v@T5U7v2', 'user');
INSERT INTO users (login, password, role) VALUES ('wish_seven@hotmail.com', ')4^^+5VU(JOYLOgz', 'user');
INSERT INTO users (login, password, role) VALUES ('tonight_hour@yahoo.com', 'o9oi8TwRj_7Qy2Ss', 'user');
INSERT INTO users (login, password, role) VALUES ('population_meet@rambler.ru', 's$@i!5av^jL4&!J$', 'user');
INSERT INTO users (login, password, role) VALUES ('agree_side@hotmail.com', '4r$Xao+X@s1)7ly_', 'user');
INSERT INTO users (login, password, role) VALUES ('trade_a@hotmail.com', '^0bC$ibmCKq$^xca', 'user');
INSERT INTO users (login, password, role) VALUES ('answer_wrong@yahoo.com', '59JQWQml^F0dv^jk', 'user');
INSERT INTO users (login, password, role) VALUES ('discussion_toward@gmail.com', 'SdX@gchM*90e)PCh', 'user');
INSERT INTO users (login, password, role) VALUES ('create_baby@yandex.ru', 'jMZ7+$lh_32Lvx1X', 'user');
INSERT INTO users (login, password, role) VALUES ('administration_hundred@yahoo.com', '@W79huf*A5)vH1lW', 'user');
INSERT INTO users (login, password, role) VALUES ('evening_describe@rambler.ru', '(vOp9Iie0z3^do#a', 'user');
INSERT INTO users (login, password, role) VALUES ('performance_receive@yandex.ru', 'qp*R0myK!^_1OODn', 'user');
INSERT INTO users (login, password, role) VALUES ('up_day@mail.ru', '_2Uy!Pmh6*XVt0&4', 'user');
INSERT INTO users (login, password, role) VALUES ('data_very@yandex.ru', '$BB5!Tl@p1lY7vSv', 'user');
INSERT INTO users (login, password, role) VALUES ('former_number@hotmail.com', 'ev0%BET5I%(gAl^x', 'user');
INSERT INTO users (login, password, role) VALUES ('five_kind@yahoo.com', 'uFwZPGSf*Lb9ire$', 'user');
INSERT INTO users (login, password, role) VALUES ('trade_lawyer@gmail.com', '#m88RBZ1NVCOqcry', 'user');
INSERT INTO users (login, password, role) VALUES ('future_central@gmail.com', 'A#R4tssUZS28Zngz', 'user');
INSERT INTO users (login, password, role) VALUES ('none_social@rambler.ru', 'C6VaCrgj_qBUQRU$', 'user');
INSERT INTO users (login, password, role) VALUES ('environment_list@yandex.ru', '3^R797Ft+H137RXh', 'user');
INSERT INTO users (login, password, role) VALUES ('task_purpose@yahoo.com', ')@DIF#iuX*5Hqcgn', 'user');
INSERT INTO users (login, password, role) VALUES ('learn_number@hotmail.com', '85t1%1zVyKX+nsm)', 'user');
INSERT INTO users (login, password, role) VALUES ('save_including@mail.ru', 'ih9D(8nM@tTP89Ud', 'user');
INSERT INTO users (login, password, role) VALUES ('our_major@mail.ru', 'vpjE7eFpvc#31zha', 'user');
INSERT INTO users (login, password, role) VALUES ('single_party@gmail.com', 'l3SC73y5Nr*BG1Hi', 'user');
INSERT INTO users (login, password, role) VALUES ('much_perhaps@mail.ru', 'U&^9QRHjHMYq+_Jp', 'user');
INSERT INTO users (login, password, role) VALUES ('remember_again@rambler.ru', '0PruBX9^@vh(ruWn', 'user');
INSERT INTO users (login, password, role) VALUES ('politics_worry@hotmail.com', 'x*Ml9fzTXWU8KGRG', 'user');
INSERT INTO users (login, password, role) VALUES ('continue_machine@mail.ru', '9N1PGGYhO^(9J(A(', 'user');
INSERT INTO users (login, password, role) VALUES ('itself_practice@gmail.com', '86lcTnvj^+xiQMwI', 'user');
INSERT INTO users (login, password, role) VALUES ('test_difficult@yahoo.com', '^3P9olmP#eX6kYwW', 'user');
INSERT INTO users (login, password, role) VALUES ('allow_same@rambler.ru', 'yXEF$xFbhQecC6zW', 'user');
INSERT INTO users (login, password, role) VALUES ('laugh_either@mail.ru', 'b(5L@k8ht_TJt)An', 'user');
INSERT INTO users (login, password, role) VALUES ('action_defense@rambler.ru', '_Dyn8uWjX&(Vrx^g', 'user');
INSERT INTO users (login, password, role) VALUES ('fish_growth@hotmail.com', 'Gg^__5S_%dqPcsMi', 'user');
INSERT INTO users (login, password, role) VALUES ('decision_especially@mail.ru', '(LsEWE_C%T4NUPh6', 'user');
INSERT INTO users (login, password, role) VALUES ('establish_trip@rambler.ru', 'r)$LBYwc!6!DygoG', 'user');
INSERT INTO users (login, password, role) VALUES ('administration_state@yahoo.com', 'xD1&f7P)GC&KiPMn', 'user');
INSERT INTO users (login, password, role) VALUES ('better_try@mail.ru', ')y8l$)tbaKqM(R%j', 'user');
INSERT INTO users (login, password, role) VALUES ('stay_hospital@yahoo.com', 'y0#6SxzAwE7zoDMo', 'user');
INSERT INTO users (login, password, role) VALUES ('research_employee@rambler.ru', 'jAx69VUhu!hdimV7', 'user');
INSERT INTO users (login, password, role) VALUES ('look_provide@mail.ru', 'et41q^ra^DoSnJOf', 'user');
INSERT INTO users (login, password, role) VALUES ('hand_put@rambler.ru', '2xJshTmG@FN7EAHV', 'user');
INSERT INTO users (login, password, role) VALUES ('society_can@mail.ru', '+S0mDipq*fZQ!9!I', 'user');
INSERT INTO users (login, password, role) VALUES ('turn_assume@yahoo.com', 'hLcK42Kd^#@d7rNN', 'user');
INSERT INTO users (login, password, role) VALUES ('especially_appear@mail.ru', ')F^2uLtcM2N8wkhH', 'user');
INSERT INTO users (login, password, role) VALUES ('nice_team@hotmail.com', 'x!Ii42sniJS*K6NU', 'user');
INSERT INTO users (login, password, role) VALUES ('strong_little@gmail.com', '@4e7HQuzE(5WTGyj', 'user');
INSERT INTO users (login, password, role) VALUES ('how_push@hotmail.com', 'Jw16V)5P8&ATS*!N', 'user');
INSERT INTO users (login, password, role) VALUES ('identify_power@mail.ru', 'zgaq0OAv#%InJQ2@', 'user');
INSERT INTO users (login, password, role) VALUES ('cell_say@mail.ru', 'Q0u(y+Go%9JBe(fv', 'user');
INSERT INTO users (login, password, role) VALUES ('force_job@yandex.ru', 'Izb$XnGf^762R2v#', 'user');
INSERT INTO users (login, password, role) VALUES ('economy_no@yahoo.com', 'je$C3sFk(j8@EQ1t', 'user');
INSERT INTO users (login, password, role) VALUES ('artist_card@gmail.com', ')7x35IbGc3Zq(l_J', 'user');
INSERT INTO users (login, password, role) VALUES ('stop_garden@gmail.com', '@BJZOIJrf8VyVO7&', 'user');
INSERT INTO users (login, password, role) VALUES ('gas_else@rambler.ru', 'yY2%lVBx@1QhTKJ_', 'user');
INSERT INTO users (login, password, role) VALUES ('other_computer@yahoo.com', 'gJ1r$*8ZA$(JnyXx', 'user');
INSERT INTO users (login, password, role) VALUES ('future_back@gmail.com', 'n6a7KVn!(t*!jcQq', 'user');
INSERT INTO users (login, password, role) VALUES ('according_space@rambler.ru', '#@2WT2+jE4bM_vIM', 'user');
INSERT INTO users (login, password, role) VALUES ('three_manager@hotmail.com', 'Jq$(AQ9AD*533(cV', 'user');
INSERT INTO users (login, password, role) VALUES ('tonight_animal@gmail.com', 'A9*^d3T(j%@%8Cm9', 'user');
INSERT INTO users (login, password, role) VALUES ('movie_draw@gmail.com', '_!qP^(y31403L4*r', 'user');
INSERT INTO users (login, password, role) VALUES ('nature_stay@gmail.com', 'QiDwQ_EHf%)99Jyd', 'user');
INSERT INTO users (login, password, role) VALUES ('wear_attorney@gmail.com', 'TyQ2o!PMDAa_8(m9', 'user');
INSERT INTO users (login, password, role) VALUES ('Republican_view@gmail.com', 'k!4qRb6!%tOWRSe)', 'user');
INSERT INTO users (login, password, role) VALUES ('meet_act@mail.ru', ')%4V&D_97b^+6Zti', 'user');
INSERT INTO users (login, password, role) VALUES ('seek_detail@mail.ru', 'XFxiDPra)ExF1GwU', 'user');
INSERT INTO users (login, password, role) VALUES ('together_impact@yandex.ru', '#@BD&My@ZH7k!FF+', 'user');
INSERT INTO users (login, password, role) VALUES ('month_media@mail.ru', ')Z57LQnq*vaV!l+2', 'user');
INSERT INTO users (login, password, role) VALUES ('traditional_minute@gmail.com', 'nwT_TAhe)cr+3T1M', 'user');
INSERT INTO users (login, password, role) VALUES ('lay_today@gmail.com', '^lokB6tz77MjdL$w', 'admin');


--
INSERT INTO user_personal_info (login, name, passport_number, birth_date, address, phone_number, secret) VALUES ('traditional_minute@gmail.com', 'Иванна Борисовна Шашкова', '66 53 087708', '1984-11-12', 'клх Бронницы, пр. Виноградный, д. 9 стр. 1, 307446', '8 475 470 9507', NULL);
INSERT INTO user_personal_info (login, name, passport_number, birth_date, address, phone_number, secret) VALUES ('learn_number@hotmail.com', 'Тихонов Прокофий Афанасьевич', '02 14 414969', '1972-05-04', 'д. Сасово, ул. Пушкина, д. 930 к. 1, 993776', '+7 (586) 844-53-84', NULL);
INSERT INTO user_personal_info (login, name, passport_number, birth_date, address, phone_number, secret) VALUES ('star_reduce@yahoo.com', 'Пелагея Мироновна Белякова', '32 85 715273', '2003-07-19', 'к. Арсеньев, пр. Гастелло, д. 82 к. 5/2, 379253', '+7 (940) 300-9009', NULL);
INSERT INTO user_personal_info (login, name, passport_number, birth_date, address, phone_number, secret) VALUES ('goal_consumer@rambler.ru', 'Агафья Романовна Симонова', '89 21 991802', '1956-05-07', 'ст. Листвянка (Иркут.), ш. Макарова, д. 4/2 стр. 3/5, 245400', '+7 (376) 585-06-75', NULL);
INSERT INTO user_personal_info (login, name, passport_number, birth_date, address, phone_number, secret) VALUES ('cell_say@mail.ru', 'Селиверстов Вениамин Якубович', '05 86 773146', '1982-07-28', 'с. Великий Устюг, наб. Чернышевского, д. 67 к. 97, 739355', '+7 381 723 11 88', NULL);
INSERT INTO user_personal_info (login, name, passport_number, birth_date, address, phone_number, secret) VALUES ('up_day@mail.ru', 'Дорофеева Элеонора Юльевна', '74 02 057243', '1956-08-27', 'д. Шуя, ш. Маркса Карла, д. 96 к. 4, 687733', '8 (469) 295-4730', NULL);
INSERT INTO user_personal_info (login, name, passport_number, birth_date, address, phone_number, secret) VALUES ('especially_appear@mail.ru', 'Алла Тимофеевна Рябова', '09 26 215401', '1987-04-22', 'ст. Малая Вишера, пр. Торговый, д. 96 к. 9/5, 256404', '8 (190) 159-4779', NULL);
INSERT INTO user_personal_info (login, name, passport_number, birth_date, address, phone_number, secret) VALUES ('itself_practice@gmail.com', 'Устинова Алевтина Сергеевна', '36 87 939923', '1966-01-02', 'клх Устюжна, бул. Привольный, д. 416 стр. 2/9, 068009', '+74214769231', NULL);
INSERT INTO user_personal_info (login, name, passport_number, birth_date, address, phone_number, secret) VALUES ('stop_hospital@mail.ru', 'Константин Валерианович Кулаков', '83 69 526654', '1991-04-26', 'п. Воткинск, пр. Майский, д. 859, 480544', '84539849984', NULL);
INSERT INTO user_personal_info (login, name, passport_number, birth_date, address, phone_number, secret) VALUES ('politics_not@gmail.com', 'Надежда Семеновна Ефимова', '04 38 376261', '1977-05-04', 'п. Троицк (Челяб.), бул. Пушкинский, д. 86, 702552', '+7 (831) 006-68-97', NULL);
INSERT INTO user_personal_info (login, name, passport_number, birth_date, address, phone_number, secret) VALUES ('yeah_down@mail.ru', 'Киселева Милица Константиновна', '49 43 722650', '1972-04-20', 'д. Тихорецк, пер. Королева, д. 99 стр. 5, 854035', '+7 612 458 95 47', NULL);
INSERT INTO user_personal_info (login, name, passport_number, birth_date, address, phone_number, secret) VALUES ('administration_hundred@yahoo.com', 'Фомичева Зинаида Болеславовна', '15 54 041252', '1975-08-18', 'г. Таганрог, ш. К.Маркса, д. 4/7 к. 1, 919584', '8 (244) 086-9886', NULL);
INSERT INTO user_personal_info (login, name, passport_number, birth_date, address, phone_number, secret) VALUES ('class_your@yandex.ru', 'Орехова Юлия Романовна', '84 62 429476', '1959-10-27', 'с. Осташков, наб. Солнечная, д. 398 стр. 5/7, 576402', '+7 (821) 420-92-38', NULL);
INSERT INTO user_personal_info (login, name, passport_number, birth_date, address, phone_number, secret) VALUES ('laugh_either@mail.ru', 'Тимофей Фомич Ситников', '45 99 599980', '1983-09-22', 'п. Арсеньев, пр. Инженерный, д. 86, 525842', '+7 507 357 7316', NULL);
INSERT INTO user_personal_info (login, name, passport_number, birth_date, address, phone_number, secret) VALUES ('according_space@rambler.ru', 'Илья Феоктистович Потапов', '18 32 426694', '1987-10-17', 'с. Северобайкальск, пер. Космодемьянской, д. 103, 299543', '8 (403) 373-9807', NULL);
INSERT INTO user_personal_info (login, name, passport_number, birth_date, address, phone_number, secret) VALUES ('hand_put@rambler.ru', 'Алевтина Вячеславовна Ларионова', '87 69 892657', '1975-09-26', 'д. Елатьма, пер. Производственный, д. 9, 567425', '8 412 858 75 84', NULL);
INSERT INTO user_personal_info (login, name, passport_number, birth_date, address, phone_number, secret) VALUES ('much_perhaps@mail.ru', 'тов. Калинин Ипатий Валентинович', '29 32 164308', '1989-04-17', 'д. Чермоз, пер. Иркутский, д. 785 стр. 4/6, 926026', '8 409 694 54 02', NULL);
INSERT INTO user_personal_info (login, name, passport_number, birth_date, address, phone_number, secret) VALUES ('identify_power@mail.ru', 'Полина Вадимовна Громова', '14 63 718954', '1963-05-27', 'с. Тосно, ул. Щетинкина, д. 78 к. 4, 018767', '+7 726 994 8027', NULL);
INSERT INTO user_personal_info (login, name, passport_number, birth_date, address, phone_number, secret) VALUES ('central_year@gmail.com', 'Валентина Эдуардовна Кононова', '84 80 644084', '1956-04-12', 'п. Ухта, пер. Шоссейный, д. 2, 892508', '+7 237 981 14 38', NULL);
INSERT INTO user_personal_info (login, name, passport_number, birth_date, address, phone_number, secret) VALUES ('country_sport@gmail.com', 'Силантий Аверьянович Рыбаков', '29 65 693236', '1966-03-03', 'г. Югорск, бул. Песочный, д. 1/1 к. 67, 023704', '88279623996', NULL);
INSERT INTO user_personal_info (login, name, passport_number, birth_date, address, phone_number, secret) VALUES ('nice_team@hotmail.com', 'Елисей Абрамович Григорьев', '28 03 950612', '1950-02-18', 'к. Кашира, ул. Морозова, д. 5 к. 8/8, 244382', '8 417 396 1371', NULL);
INSERT INTO user_personal_info (login, name, passport_number, birth_date, address, phone_number, secret) VALUES ('how_push@hotmail.com', 'Горбунова Ольга Николаевна', '89 98 331083', '1981-01-25', 'ст. Великие Луки, пр. Мирный, д. 21, 714024', '+78115281061', NULL);
INSERT INTO user_personal_info (login, name, passport_number, birth_date, address, phone_number, secret) VALUES ('meet_act@mail.ru', 'Петрова Агата Петровна', '74 78 659392', '1997-03-04', 'ст. Лабытнанги, бул. Ушакова, д. 43 к. 9, 338985', '+7 (538) 116-7933', NULL);
INSERT INTO user_personal_info (login, name, passport_number, birth_date, address, phone_number, secret) VALUES ('economy_no@yahoo.com', 'Копылов Дементий Бориславович', '35 39 640016', '1949-01-12', 'п. Шахты, пер. Камский, д. 4 стр. 40, 729591', '+7 296 857 23 00', NULL);
INSERT INTO user_personal_info (login, name, passport_number, birth_date, address, phone_number, secret) VALUES ('society_can@mail.ru', 'Регина Богдановна Кошелева', '81 11 566835', '2004-02-29', 'к. Камышлов, пер. Заводской, д. 842 стр. 56, 302935', '+7 967 020 07 93', NULL);
INSERT INTO user_personal_info (login, name, passport_number, birth_date, address, phone_number, secret) VALUES ('administration_state@yahoo.com', 'Гаврилова Прасковья Аркадьевна', '30 17 036586', '2000-12-25', 'д. Дудинка, пр. Тамбовский, д. 9/9, 572859', '+7 306 995 22 11', NULL);
INSERT INTO user_personal_info (login, name, passport_number, birth_date, address, phone_number, secret) VALUES ('movie_draw@gmail.com', 'Шилов Всеслав Ефимович', '93 85 197390', '1951-06-23', 'клх Хатанга, пр. Кутузова, д. 596, 300573', '8 967 265 6445', NULL);
INSERT INTO user_personal_info (login, name, passport_number, birth_date, address, phone_number, secret) VALUES ('amount_indicate@rambler.ru', 'Майя Геннадьевна Родионова', '51 08 971497', '1987-07-18', 'г. Саранск, наб. Луговая, д. 12 к. 957, 436830', '83980250680', NULL);
INSERT INTO user_personal_info (login, name, passport_number, birth_date, address, phone_number, secret) VALUES ('ability_tend@rambler.ru', 'Аникей Феоктистович Цветков', '37 76 946371', '1988-03-31', 'г. Можайск, пер. Ростовский, д. 87 к. 1, 358858', '+7 634 898 63 59', NULL);
INSERT INTO user_personal_info (login, name, passport_number, birth_date, address, phone_number, secret) VALUES ('tax_everyone@rambler.ru', 'Харитонова Татьяна Вадимовна', '79 93 152249', '1999-03-31', 'клх Суздаль, пр. Марта 8, д. 3 стр. 2, 994501', '8 (547) 073-6491', NULL);
INSERT INTO user_personal_info (login, name, passport_number, birth_date, address, phone_number, secret) VALUES ('decision_especially@mail.ru', 'Селиверстова Элеонора Ивановна', '77 60 461700', '1986-03-12', 'ст. Киренск, наб. Широкая, д. 3 стр. 255, 839785', '+7 951 542 31 47', NULL);
INSERT INTO user_personal_info (login, name, passport_number, birth_date, address, phone_number, secret) VALUES ('offer_interview@yandex.ru', 'Исакова Марфа Олеговна', '07 45 887900', '1951-06-05', 'г. Соль-Илецк, алл. Флотская, д. 949, 497319', '+75426177782', NULL);
INSERT INTO user_personal_info (login, name, passport_number, birth_date, address, phone_number, secret) VALUES ('long_other@gmail.com', 'Мишина Агафья Артемовна', '44 12 587357', '1993-11-21', 'г. Нижнекамск, ул. Октября, д. 9/8 стр. 71, 168574', '81478112068', NULL);
INSERT INTO user_personal_info (login, name, passport_number, birth_date, address, phone_number, secret) VALUES ('wear_attorney@gmail.com', 'Гришина Анна Николаевна', '20 04 525740', '1978-03-03', 'ст. Медногорск, ул. Геологическая, д. 7/7 к. 9/3, 329277', '8 528 022 69 53', NULL);
INSERT INTO user_personal_info (login, name, passport_number, birth_date, address, phone_number, secret) VALUES ('artist_card@gmail.com', 'Потапов Фока Валентинович', '96 78 615100', '1999-01-30', 'г. Киров (Вятка), бул. Нахимова, д. 5/6 стр. 2, 964499', '+7 810 449 26 99', NULL);
INSERT INTO user_personal_info (login, name, passport_number, birth_date, address, phone_number, secret) VALUES ('other_computer@yahoo.com', 'Пантелеймон Валерьевич Дроздов', '81 90 856889', '2002-07-23', 'клх Верещагино (Перм.), пр. Набережный, д. 163 стр. 807, 879460', '+7 957 726 61 82', NULL);
INSERT INTO user_personal_info (login, name, passport_number, birth_date, address, phone_number, secret) VALUES ('tonight_hour@yahoo.com', 'Романова Нинель Богдановна', '78 97 860245', '1980-01-16', 'с. Иркутск, наб. Заводская, д. 23 к. 7, 118661', '83708472070', NULL);
INSERT INTO user_personal_info (login, name, passport_number, birth_date, address, phone_number, secret) VALUES ('look_provide@mail.ru', 'Поликарп Валерьянович Савельев', '65 24 171404', '1986-06-21', 'клх Тотьма, бул. Речной, д. 9 к. 918, 503503', '8 289 523 17 87', NULL);
INSERT INTO user_personal_info (login, name, passport_number, birth_date, address, phone_number, secret) VALUES ('nature_stay@gmail.com', 'Сигизмунд Юльевич Киселев', '97 24 194172', '1976-08-17', 'к. Сеймчан, пер. Журавлева, д. 4 стр. 257, 962098', '8 608 254 95 93', NULL);
INSERT INTO user_personal_info (login, name, passport_number, birth_date, address, phone_number, secret) VALUES ('research_employee@rambler.ru', 'Элеонора Тимофеевна Кириллова', '44 05 250052', '1973-05-07', 'д. Усть-Калманка, пр. Короленко, д. 340 к. 9, 836228', '+7 654 173 4391', NULL);
INSERT INTO user_personal_info (login, name, passport_number, birth_date, address, phone_number, secret) VALUES ('three_manager@hotmail.com', 'Ефимов Макар Даниилович', '85 97 373177', '1957-08-29', 'клх Тосно, пер. Красногвардейский, д. 449 стр. 2, 994322', '8 167 431 09 85', NULL);
INSERT INTO user_personal_info (login, name, passport_number, birth_date, address, phone_number, secret) VALUES ('still_member@yandex.ru', 'Богданов Иосиф Анатольевич', '44 96 550941', '1948-03-03', 'д. Орехово-Зуево, ул. Локомотивная, д. 4/7 к. 262, 003289', '8 167 989 0823', NULL);
INSERT INTO user_personal_info (login, name, passport_number, birth_date, address, phone_number, secret) VALUES ('stay_hospital@yahoo.com', 'Глафира Александровна Логинова', '24 99 898044', '1969-03-06', 'д. Аргаяш, пер. Пирогова, д. 8/3, 427056', '+79812523815', NULL);
INSERT INTO user_personal_info (login, name, passport_number, birth_date, address, phone_number, secret) VALUES ('force_job@yandex.ru', 'Валентина Даниловна Сазонова', '57 07 090987', '2006-07-19', 'с. Любань, бул. Макаренко, д. 27 к. 1, 124104', '+7 (329) 328-48-66', NULL);
INSERT INTO user_personal_info (login, name, passport_number, birth_date, address, phone_number, secret) VALUES ('gas_else@rambler.ru', 'Евдокия Федоровна Тимофеева', '56 65 048873', '2002-03-25', 'ст. Диксон, бул. Речной, д. 51, 630788', '+7 (517) 869-19-40', NULL);
INSERT INTO user_personal_info (login, name, passport_number, birth_date, address, phone_number, secret) VALUES ('turn_assume@yahoo.com', 'Лебедева Полина Юльевна', '76 04 167646', '1969-07-25', 'ст. Суздаль, пр. Приозерный, д. 78 стр. 639, 767080', '+7 743 052 33 67', NULL);
INSERT INTO user_personal_info (login, name, passport_number, birth_date, address, phone_number, secret) VALUES ('none_social@rambler.ru', 'Вера Макаровна Мартынова', '93 05 391641', '2005-11-04', 'к. Кырен, алл. Дорожная, д. 181, 090946', '8 692 129 77 10', NULL);
INSERT INTO user_personal_info (login, name, passport_number, birth_date, address, phone_number, secret) VALUES ('seek_detail@mail.ru', 'Дорофеев Трофим Викентьевич', '15 77 351423', '1992-03-04', 'клх Калачинск, алл. Победы, д. 6 стр. 146, 691420', '+7 (837) 950-38-46', NULL);
INSERT INTO user_personal_info (login, name, passport_number, birth_date, address, phone_number, secret) VALUES ('trade_lawyer@gmail.com', 'Варвара Матвеевна Щукина', '88 01 638707', '2001-12-23', 'клх Долинск, наб. Чернышевского, д. 32 к. 254, 727496', '+76557919856', NULL);
INSERT INTO user_personal_info (login, name, passport_number, birth_date, address, phone_number, secret) VALUES ('trade_a@hotmail.com', 'Евпраксия Васильевна Никонова', '07 69 687774', '1997-09-05', 'д. Саратов, наб. Шоссейная, д. 82 стр. 8/5, 316567', '86813522434', NULL);
INSERT INTO user_personal_info (login, name, passport_number, birth_date, address, phone_number, secret) VALUES ('writer_concern@rambler.ru', 'Марина Филипповна Герасимова', '46 32 289778', '1988-11-12', 'клх Рыбинск, ул. Детская, д. 577 к. 4/9, 786184', '+7 (429) 375-1602', NULL);
INSERT INTO user_personal_info (login, name, passport_number, birth_date, address, phone_number, secret) VALUES ('agree_side@hotmail.com', 'Велимир Ануфриевич Корнилов', '75 28 502972', '1960-05-08', 'с. Кажим, ул. Попова, д. 59 к. 4, 771559', '+7 573 022 9900', NULL);
INSERT INTO user_personal_info (login, name, passport_number, birth_date, address, phone_number, secret) VALUES ('energy_offer@rambler.ru', 'Лаврентий Борисович Носов', '97 31 433808', '1970-03-18', 'ст. Оймякон, бул. Сахалинский, д. 6/3, 285211', '+7 (236) 015-1428', NULL);
INSERT INTO user_personal_info (login, name, passport_number, birth_date, address, phone_number, secret) VALUES ('continue_machine@mail.ru', 'Евлампий Гордеевич Колобов', '64 00 447407', '1986-07-14', 'клх Касимов, пер. Полевой, д. 37 стр. 414, 185894', '8 258 479 9684', NULL);
INSERT INTO user_personal_info (login, name, passport_number, birth_date, address, phone_number, secret) VALUES ('allow_same@rambler.ru', 'Евпраксия Семеновна Владимирова', '65 60 079446', '1967-04-15', 'клх Ялуторовск, наб. Звездная, д. 558 к. 5, 962148', '8 (081) 667-8366', NULL);
INSERT INTO user_personal_info (login, name, passport_number, birth_date, address, phone_number, secret) VALUES ('evening_describe@rambler.ru', 'Герасимова Наталья Робертовна', '98 17 007756', '1990-03-16', 'г. Слюдянка, пр. Тополиный, д. 7 стр. 7/4, 375493', '+7 (830) 494-66-52', NULL);
INSERT INTO user_personal_info (login, name, passport_number, birth_date, address, phone_number, secret) VALUES ('future_central@gmail.com', 'Трофим Богданович Рожков', '45 14 476027', '1982-07-25', 'ст. Борзя, ш. Волгоградское, д. 6 стр. 8, 124381', '+7 (401) 810-31-48', NULL);
INSERT INTO user_personal_info (login, name, passport_number, birth_date, address, phone_number, secret) VALUES ('operation_science@yahoo.com', 'Зинаида Наумовна Сергеева', '92 62 449206', '1988-11-26', 'г. Белокуриха, пер. Шаумяна, д. 3 к. 54, 945322', '8 (094) 752-9848', NULL);
INSERT INTO user_personal_info (login, name, passport_number, birth_date, address, phone_number, secret) VALUES ('action_defense@rambler.ru', 'Лапин Валерьян Филимонович', '23 85 932859', '1978-05-25', 'клх Черусти, алл. Нагорная, д. 2/2, 495071', '8 323 158 00 44', NULL);
INSERT INTO user_personal_info (login, name, passport_number, birth_date, address, phone_number, secret) VALUES ('blue_treatment@yahoo.com', 'Эдуард Гурьевич Сафонов', '52 16 787437', '1981-11-16', 'клх Юрюзань, пр. Макаренко, д. 13, 421937', '+7 (674) 879-72-95', NULL);
INSERT INTO user_personal_info (login, name, passport_number, birth_date, address, phone_number, secret) VALUES ('point_well@gmail.com', 'Шашков Игорь Викентьевич', '67 58 958872', '1963-09-04', 'с. Нязепетровск, ул. Ленская, д. 5 стр. 226, 846174', '+7 079 761 70 23', NULL);
INSERT INTO user_personal_info (login, name, passport_number, birth_date, address, phone_number, secret) VALUES ('require_adult@mail.ru', 'Шашков Степан Трифонович', '57 14 615157', '1963-05-28', 'г. Омск, алл. Кольцова, д. 6, 043974', '+7 844 314 05 31', NULL);
INSERT INTO user_personal_info (login, name, passport_number, birth_date, address, phone_number, secret) VALUES ('stop_garden@gmail.com', 'Лазарев Ратмир Вилорович', '35 30 679550', '1989-05-13', 'с. Красноярск, ул. Владимирская, д. 635, 515758', '8 840 937 74 21', NULL);
INSERT INTO user_personal_info (login, name, passport_number, birth_date, address, phone_number, secret) VALUES ('remember_again@rambler.ru', 'Евпраксия Вадимовна Егорова', '97 41 419136', '1968-10-29', 'к. Забайкальск, бул. 8 Марта, д. 21 к. 4/7, 816660', '8 (396) 378-57-10', NULL);
INSERT INTO user_personal_info (login, name, passport_number, birth_date, address, phone_number, secret) VALUES ('wish_seven@hotmail.com', 'Филатова Мария Геннадьевна', '97 56 244900', '2006-02-09', 'к. Карталы, бул. Прудный, д. 4/9 стр. 7, 339385', '+7 735 183 4622', NULL);
INSERT INTO user_personal_info (login, name, passport_number, birth_date, address, phone_number, secret) VALUES ('tonight_animal@gmail.com', 'Артемьев Всеволод Владиславович', '48 91 240397', '1949-12-07', 'клх Советский, алл. Щетинкина, д. 157 к. 9/2, 703022', '8 (846) 484-4473', NULL);
INSERT INTO user_personal_info (login, name, passport_number, birth_date, address, phone_number, secret) VALUES ('five_kind@yahoo.com', 'Потапова Антонина Олеговна', '86 17 309172', '1992-04-09', 'к. Эльтон, алл. Пушкинская, д. 3/4, 761133', '8 (439) 252-2571', NULL);
INSERT INTO user_personal_info (login, name, passport_number, birth_date, address, phone_number, secret) VALUES ('water_system@yandex.ru', 'Исаков Наркис Харлампьевич', '48 50 500302', '2004-11-11', 'д. Минусинск, пер. Розы Люксембург, д. 6/3, 996080', '+73580963625', NULL);
INSERT INTO user_personal_info (login, name, passport_number, birth_date, address, phone_number, secret) VALUES ('establish_trip@rambler.ru', 'Мария Валентиновна Савина', '09 72 738367', '1962-10-21', 'клх Нурлат, наб. Березовая, д. 56 к. 172, 273872', '+7 249 004 5877', NULL);
INSERT INTO user_personal_info (login, name, passport_number, birth_date, address, phone_number, secret) VALUES ('task_purpose@yahoo.com', 'Любим Филиппович Мельников', '91 40 168293', '2005-10-09', 'д. Шарья, ш. Микрорайон, д. 3 к. 2, 668636', '+7 (278) 600-8283', NULL);
INSERT INTO user_personal_info (login, name, passport_number, birth_date, address, phone_number, secret) VALUES ('rise_not@yandex.ru', 'Макар Адрианович Ершов', '57 77 947446', '1968-03-30', 'д. Городовиковск, алл. Высоцкого, д. 9 стр. 79, 561144', '+71344606958', NULL);
INSERT INTO user_personal_info (login, name, passport_number, birth_date, address, phone_number, secret) VALUES ('former_number@hotmail.com', 'Данилов Любосмысл Ануфриевич', '79 42 800315', '1965-08-18', 'д. Каменск-Уральский, ш. Морское, д. 12 к. 8, 052946', '8 (016) 728-96-68', NULL);
INSERT INTO user_personal_info (login, name, passport_number, birth_date, address, phone_number, secret) VALUES ('these_idea@mail.ru', 'Зиновьев Никита Иларионович', '94 09 243263', '1983-08-19', 'п. Дудинка, ул. Коммунистическая, д. 259, 232554', '+72199256785', NULL);
INSERT INTO user_personal_info (login, name, passport_number, birth_date, address, phone_number, secret) VALUES ('single_party@gmail.com', 'Никифорова Прасковья Вячеславовна', '36 88 727721', '1981-04-28', 'клх Кисловодск, наб. Гоголя, д. 5, 552182', '8 (209) 933-9655', NULL);
INSERT INTO user_personal_info (login, name, passport_number, birth_date, address, phone_number, secret) VALUES ('site_add@yahoo.com', 'Куликова Лидия Семеновна', '74 64 398951', '1996-03-06', 'д. Пушкинские Горы, алл. Украинская, д. 71 стр. 4, 822607', '8 487 145 40 34', NULL);
INSERT INTO user_personal_info (login, name, passport_number, birth_date, address, phone_number, secret) VALUES ('create_baby@yandex.ru', 'Капустина Екатерина Андреевна', '97 45 031271', '1992-09-15', 'клх Охотск, алл. Проточная, д. 2 стр. 84, 869200', '+7 004 284 52 99', NULL);
INSERT INTO user_personal_info (login, name, passport_number, birth_date, address, phone_number, secret) VALUES ('discussion_toward@gmail.com', 'Юлия Святославовна Алексеева', '30 21 749162', '2002-02-06', 'клх Одинцово, пер. Больничный, д. 434, 748882', '+7 128 596 73 85', NULL);
INSERT INTO user_personal_info (login, name, passport_number, birth_date, address, phone_number, secret) VALUES ('answer_wrong@yahoo.com', 'Еремей Тарасович Гуляев', '26 73 576477', '2003-04-19', 'клх Балашов, наб. Крымская, д. 9/3 стр. 268, 644361', '+74892769431', NULL);
INSERT INTO user_personal_info (login, name, passport_number, birth_date, address, phone_number, secret) VALUES ('population_meet@rambler.ru', 'Третьяков Ипполит Виленович', '27 70 492982', '1975-03-10', 'п. Стрежевой, бул. Добролюбова, д. 72 к. 970, 158337', '+79877100895', NULL);
INSERT INTO user_personal_info (login, name, passport_number, birth_date, address, phone_number, secret) VALUES ('performance_receive@yandex.ru', 'Антонов Онуфрий Герасимович', '91 71 244572', '1982-12-06', 'г. Тутаев, бул. Строительный, д. 989 стр. 5/1, 824939', '+7 (928) 166-86-33', NULL);
INSERT INTO user_personal_info (login, name, passport_number, birth_date, address, phone_number, secret) VALUES ('better_try@mail.ru', 'Тамара Валериевна Фадеева', '05 22 939651', '1965-02-21', 'ст. Карабудахкент, ш. Васильковое, д. 873 стр. 706, 431864', '8 090 491 8368', NULL);
INSERT INTO user_personal_info (login, name, passport_number, birth_date, address, phone_number, secret) VALUES ('environment_list@yandex.ru', 'г-н Яковлев Януарий Тимурович', '87 07 340754', '1957-05-01', 'д. Ухта, ул. Челюскинцев, д. 707, 066663', '+71536539342', NULL);
INSERT INTO user_personal_info (login, name, passport_number, birth_date, address, phone_number, secret) VALUES ('data_very@yandex.ru', 'Зиновьева Мария Владимировна', '67 72 576585', '1954-12-13', 'п. Воронеж, ш. Тихое, д. 9 стр. 66, 252074', '8 (679) 784-3565', NULL);
INSERT INTO user_personal_info (login, name, passport_number, birth_date, address, phone_number, secret) VALUES ('future_back@gmail.com', 'Аверкий Еремеевич Морозов', '31 98 934421', '1971-07-10', 'ст. Ямбург, пер. Балтийский, д. 71 стр. 6, 128908', '8 622 700 1706', NULL);
INSERT INTO user_personal_info (login, name, passport_number, birth_date, address, phone_number, secret) VALUES ('month_media@mail.ru', 'Эдуард Венедиктович Носов', '96 98 956784', '1994-03-09', 'п. Калачинск, пр. Павлика Морозова, д. 84, 668996', '+7 (313) 341-68-73', NULL);
INSERT INTO user_personal_info (login, name, passport_number, birth_date, address, phone_number, secret) VALUES ('our_major@mail.ru', 'Смирнов Захар Витальевич', '26 77 431635', '1964-11-26', 'г. Нягань, бул. Пограничный, д. 6/2 стр. 6, 966879', '88706298906', NULL);
INSERT INTO user_personal_info (login, name, passport_number, birth_date, address, phone_number, secret) VALUES ('claim_baby@gmail.com', 'Зиновьев Анатолий Эдгардович', '60 19 344524', '1963-10-09', 'к. Сергиев Посад, алл. Островского, д. 213 к. 263, 444699', '8 656 205 5196', NULL);
INSERT INTO user_personal_info (login, name, passport_number, birth_date, address, phone_number, secret) VALUES ('together_impact@yandex.ru', 'Исай Тимурович Осипов', '50 94 656010', '1974-04-23', 'ст. Кизляр, ул. Украинская, д. 11, 039183', '+7 (772) 286-00-10', NULL);
INSERT INTO user_personal_info (login, name, passport_number, birth_date, address, phone_number, secret) VALUES ('true_hot@yandex.ru', 'Селиверстов Радован Елизарович', '42 86 593196', '1982-08-23', 'ст. Новый Уренгой, ш. Главное, д. 203, 894507', '8 646 202 3890', NULL);
INSERT INTO user_personal_info (login, name, passport_number, birth_date, address, phone_number, secret) VALUES ('save_including@mail.ru', 'Евдокия Харитоновна Сидорова', '37 24 514074', '1982-03-25', 'ст. Новомичуринск, ул. Путевая, д. 299 к. 5, 098463', '8 549 342 36 76', NULL);
INSERT INTO user_personal_info (login, name, passport_number, birth_date, address, phone_number, secret) VALUES ('method_poor@yahoo.com', 'Пелагея Харитоновна Красильникова', '85 78 176354', '1987-07-10', 'к. Батайск, ул. Пархоменко, д. 74 стр. 1, 801989', '8 767 213 06 52', NULL);
INSERT INTO user_personal_info (login, name, passport_number, birth_date, address, phone_number, secret) VALUES ('fish_growth@hotmail.com', 'Вышеслав Исидорович Сафонов', '98 64 041153', '1981-11-13', 'п. Улан-Удэ, ул. Мичурина, д. 4 к. 963, 507304', '+77603889725', NULL);
INSERT INTO user_personal_info (login, name, passport_number, birth_date, address, phone_number, secret) VALUES ('Republican_view@gmail.com', 'Агафья Филипповна Попова', '11 46 916961', '1980-05-27', 'д. Адыгейск, ул. Заводская, д. 8 стр. 185, 912838', '+7 (016) 269-51-19', NULL);
INSERT INTO user_personal_info (login, name, passport_number, birth_date, address, phone_number, secret) VALUES ('test_difficult@yahoo.com', 'Русакова Евгения Николаевна', '87 49 681423', '1982-01-28', 'д. Ямбург, алл. Ивановская, д. 71, 414586', '8 139 377 81 40', NULL);
INSERT INTO user_personal_info (login, name, passport_number, birth_date, address, phone_number, secret) VALUES ('best_box@gmail.com', 'Калинин Порфирий Адамович', '24 90 341665', '1964-05-03', 'п. Лотошино, пер. Парижской Коммуны, д. 9/8 стр. 1/3, 940779', '+7 345 918 2507', NULL);
INSERT INTO user_personal_info (login, name, passport_number, birth_date, address, phone_number, secret) VALUES ('politics_worry@hotmail.com', 'Конон Измаилович Максимов', '78 25 802175', '1995-01-20', 'д. Оймякон, ул. Чкалова, д. 4 к. 28, 840254', '+7 562 887 2945', NULL);
INSERT INTO user_personal_info (login, name, passport_number, birth_date, address, phone_number, secret) VALUES ('power_sing@mail.ru', 'Рыбаков Карл Игнатович', '94 61 479676', '1978-02-28', 'п. Тулпан, пр. Фадеева, д. 816 стр. 513, 180083', '+7 147 880 4406', NULL);
INSERT INTO user_personal_info (login, name, passport_number, birth_date, address, phone_number, secret) VALUES ('strong_little@gmail.com', 'Колобов Любим Еремеевич', '93 18 649409', '1995-03-04', 'п. Ноябрьск, пер. Казачий, д. 4/9, 140923', '8 (246) 987-01-22', NULL);
INSERT INTO user_personal_info (login, name, passport_number, birth_date, address, phone_number, secret) VALUES ('now_space@mail.ru', 'Калашников Флорентин Фёдорович', '36 05 021909', '1969-06-24', 'г. Бодайбо, пер. Литейный, д. 7/7 к. 3/1, 011906', '8 (387) 088-09-51', NULL);
INSERT INTO user_personal_info (login, name, passport_number, birth_date, address, phone_number, secret) VALUES ('budget_role@gmail.com', 'Лобанов Аристарх Гордеевич', '06 07 987900', '1944-09-28', 'к. Березники, пер. Заливный, д. 46 к. 276, 782931', '8 (914) 788-15-56', NULL);
INSERT INTO user_personal_info (login, name, passport_number, birth_date, address, phone_number, secret) VALUES ('lay_today@gmail.com', 'Ермакова Галина Семеновна', '42 66 391402', '1950-03-17', 'п. Кулунда, наб. Выгонная, д. 1/1 стр. 8/4, 629650', '+7 (688) 833-0277', 'ibks_ctf{b9cb2800e3cec69a}');


--
INSERT INTO medication_categories (category, higher_category, secret) VALUES ('Термометры', 'Лекарственные препараты', NULL);
INSERT INTO medication_categories (category, higher_category, secret) VALUES ('Биологически активные добавки', 'Товары для здоровья', NULL);
INSERT INTO medication_categories (category, higher_category, secret) VALUES ('Противовирусные', 'Товары для здоровья', NULL);
INSERT INTO medication_categories (category, higher_category, secret) VALUES ('Для ухода за малышом', 'Товары для здоровья', NULL);
INSERT INTO medication_categories (category, higher_category, secret) VALUES ('Для кормления', 'Медицинские приборы', NULL);
INSERT INTO medication_categories (category, higher_category, secret) VALUES ('Витамины для взрослых', 'Товары для здоровья', NULL);
INSERT INTO medication_categories (category, higher_category, secret) VALUES ('Витамины для детей', 'Медицинские приборы', NULL);
INSERT INTO medication_categories (category, higher_category, secret) VALUES ('Для ухода за кожей', 'Товары для здоровья', NULL);
INSERT INTO medication_categories (category, higher_category, secret) VALUES ('Глюкометры и аксессуары', 'Товары для мам и малышей', NULL);
INSERT INTO medication_categories (category, higher_category, secret) VALUES ('Для измерения давления', 'Товары для здоровья', NULL);
INSERT INTO medication_categories (category, higher_category, secret) VALUES ('Болеутоляющие', 'Витамины и добавки', NULL);
INSERT INTO medication_categories (category, higher_category, secret) VALUES ('Для зрения', 'Товары для здоровья', NULL);
INSERT INTO medication_categories (category, higher_category, secret) VALUES ('Антибиотики', 'Товары для здоровья', NULL);
INSERT INTO medication_categories (category, higher_category, secret) VALUES ('Для здоровья малыша', 'Товары для мам и малышей', NULL);
INSERT INTO medication_categories (category, higher_category, secret) VALUES ('Средства для дыхания', 'Лекарственные препараты', NULL);


--
INSERT INTO medications (medication_id, name, category, price, stock, requires_prescription, delivery_date, secret) VALUES (4646927788414, 'Эхинацея настойка', 'Противовирусные', 473.03, 1, True, '2024-04-27', NULL);
INSERT INTO medications (medication_id, name, category, price, stock, requires_prescription, delivery_date, secret) VALUES (9319849608249, 'Омега-3 капсулы', 'Для здоровья малыша', 864.04, 67, True, '2024-11-16', NULL);
INSERT INTO medications (medication_id, name, category, price, stock, requires_prescription, delivery_date, secret) VALUES (4302582148597, 'Молокоотсос электрический', 'Для кормления', 233.56, 90, True, '2024-03-27', NULL);
INSERT INTO medications (medication_id, name, category, price, stock, requires_prescription, delivery_date, secret) VALUES (4772793456130, 'Азитромицин таблетки', 'Для ухода за малышом', 98.12, 74, True, '2024-06-11', NULL);
INSERT INTO medications (medication_id, name, category, price, stock, requires_prescription, delivery_date, secret) VALUES (1708264394130, 'Антисептический крем', 'Для здоровья малыша', 306.35, 85, True, '2024-05-23', NULL);
INSERT INTO medications (medication_id, name, category, price, stock, requires_prescription, delivery_date, secret) VALUES (2639137148675, 'Глюкометр с голосовым сопровождением', 'Для ухода за кожей', 18.06, 48, False, '2024-12-19', NULL);
INSERT INTO medications (medication_id, name, category, price, stock, requires_prescription, delivery_date, secret) VALUES (8164673169357, 'Нурофен сироп', 'Для ухода за малышом', 742.67, 24, True, '2024-09-03', NULL);
INSERT INTO medications (medication_id, name, category, price, stock, requires_prescription, delivery_date, secret) VALUES (2913313311887, 'Контейнеры для хранения молока', 'Антибиотики', 20.87, 43, True, '2024-02-21', NULL);
INSERT INTO medications (medication_id, name, category, price, stock, requires_prescription, delivery_date, secret) VALUES (1378975365745, 'Подгузники одноразовые', 'Глюкометры и аксессуары', 522.17, 13, False, '2024-12-11', NULL);
INSERT INTO medications (medication_id, name, category, price, stock, requires_prescription, delivery_date, secret) VALUES (3581802080560, 'Батарейки для тонометра', 'Термометры', 968.87, 12, True, '2024-12-17', NULL);
INSERT INTO medications (medication_id, name, category, price, stock, requires_prescription, delivery_date, secret) VALUES (7847140625327, 'Комплекс для иммунитета пастилки', 'Для зрения', 895.63, 33, False, '2024-10-22', NULL);
INSERT INTO medications (medication_id, name, category, price, stock, requires_prescription, delivery_date, secret) VALUES (1473092944337, 'Коллаген порошок', 'Средства для дыхания', 465.17, 26, False, '2024-04-13', NULL);
INSERT INTO medications (medication_id, name, category, price, stock, requires_prescription, delivery_date, secret) VALUES (7994367228463, 'Пробиотики капсулы', 'Средства для дыхания', 718.26, 41, True, '2024-03-06', NULL);
INSERT INTO medications (medication_id, name, category, price, stock, requires_prescription, delivery_date, secret) VALUES (2444240317937, 'Арбидол капсулы', 'Для измерения давления', 820.53, 94, False, '2024-03-22', NULL);
INSERT INTO medications (medication_id, name, category, price, stock, requires_prescription, delivery_date, secret) VALUES (8017774380926, 'Маска для ингалятора', 'Средства для дыхания', 301.04, 8, True, '2024-04-04', NULL);
INSERT INTO medications (medication_id, name, category, price, stock, requires_prescription, delivery_date, secret) VALUES (8150626503071, 'Глюкометр с Bluetooth', 'Для ухода за кожей', 342.81, 47, True, '2024-07-19', NULL);
INSERT INTO medications (medication_id, name, category, price, stock, requires_prescription, delivery_date, secret) VALUES (8686364349942, 'Иглы для ланцета', 'Для кормления', 197.52, 51, True, '2024-12-27', NULL);
INSERT INTO medications (medication_id, name, category, price, stock, requires_prescription, delivery_date, secret) VALUES (3677991389901, 'Витамины для зрения', 'Для зрения', 811.68, 27, False, '2024-07-30', NULL);
INSERT INTO medications (medication_id, name, category, price, stock, requires_prescription, delivery_date, secret) VALUES (6606171620715, 'Градусник-пустышка', 'Витамины для взрослых', 18.3, 57, True, '2024-02-07', NULL);
INSERT INTO medications (medication_id, name, category, price, stock, requires_prescription, delivery_date, secret) VALUES (1808395804758, 'Пластырь детский', 'Для ухода за кожей', 207.94, 90, False, '2024-01-29', NULL);
INSERT INTO medications (medication_id, name, category, price, stock, requires_prescription, delivery_date, secret) VALUES (9604306140623, 'Гель для век', 'Биологически активные добавки', 223.63, 51, False, '2024-05-19', NULL);
INSERT INTO medications (medication_id, name, category, price, stock, requires_prescription, delivery_date, secret) VALUES (966065682707, 'Аспирин шипучие таблетки', 'Для ухода за малышом', 339.39, 95, True, '2024-10-20', NULL);
INSERT INTO medications (medication_id, name, category, price, stock, requires_prescription, delivery_date, secret) VALUES (8818500439754, 'Железо сироп', 'Для ухода за малышом', 244.03, 77, False, '2024-03-05', NULL);
INSERT INTO medications (medication_id, name, category, price, stock, requires_prescription, delivery_date, secret) VALUES (7652567101015, 'Термометр для детей', 'Биологически активные добавки', 380.82, 80, False, '2024-01-26', NULL);
INSERT INTO medications (medication_id, name, category, price, stock, requires_prescription, delivery_date, secret) VALUES (7521495978092, 'Диклофенак мазь', 'Для кормления', 86.76, 52, False, '2024-11-29', NULL);
INSERT INTO medications (medication_id, name, category, price, stock, requires_prescription, delivery_date, secret) VALUES (2441798980149, 'Линзы одноразовые', 'Для ухода за кожей', 535.18, 2, False, '2024-08-13', NULL);
INSERT INTO medications (medication_id, name, category, price, stock, requires_prescription, delivery_date, secret) VALUES (3536637222845, 'Лобный термометр', 'Для здоровья малыша', 232.65, 54, True, '2024-09-09', NULL);
INSERT INTO medications (medication_id, name, category, price, stock, requires_prescription, delivery_date, secret) VALUES (8122313581266, 'Пантенол спрей', 'Глюкометры и аксессуары', 933.46, 73, False, '2024-03-14', NULL);
INSERT INTO medications (medication_id, name, category, price, stock, requires_prescription, delivery_date, secret) VALUES (182582593757, 'Ингавирин капсулы', 'Для здоровья малыша', 325.61, 100, False, '2024-04-10', NULL);
INSERT INTO medications (medication_id, name, category, price, stock, requires_prescription, delivery_date, secret) VALUES (6097136384900, 'Термометр с гибким наконечником', 'Термометры', 704.62, 34, False, '2024-04-13', NULL);
INSERT INTO medications (medication_id, name, category, price, stock, requires_prescription, delivery_date, secret) VALUES (2435829953509, 'Тест-полоски для глюкометра', 'Для измерения давления', 7.46, 31, True, '2024-04-09', NULL);
INSERT INTO medications (medication_id, name, category, price, stock, requires_prescription, delivery_date, secret) VALUES (2801855706417, 'Комплекс для иммунитета пастилки', 'Для зрения', 274.59, 65, True, '2024-12-01', NULL);
INSERT INTO medications (medication_id, name, category, price, stock, requires_prescription, delivery_date, secret) VALUES (1331261452451, 'Маска для ингалятора', 'Витамины для взрослых', 759.88, 47, False, '2024-08-11', NULL);
INSERT INTO medications (medication_id, name, category, price, stock, requires_prescription, delivery_date, secret) VALUES (8944397431400, 'Витамин D детский капли', 'Глюкометры и аксессуары', 685.58, 16, False, '2024-07-01', NULL);
INSERT INTO medications (medication_id, name, category, price, stock, requires_prescription, delivery_date, secret) VALUES (7686925653496, 'Присыпка детская', 'Для здоровья малыша', 627.11, 97, True, '2024-12-26', NULL);
INSERT INTO medications (medication_id, name, category, price, stock, requires_prescription, delivery_date, secret) VALUES (935639197473, 'Ингавирин капсулы', 'Для кормления', 317.89, 3, False, '2024-04-17', NULL);
INSERT INTO medications (medication_id, name, category, price, stock, requires_prescription, delivery_date, secret) VALUES (4918702754069, 'Термометр для детей', 'Для зрения', 356.63, 32, True, '2024-10-23', NULL);
INSERT INTO medications (medication_id, name, category, price, stock, requires_prescription, delivery_date, secret) VALUES (9085648131973, 'Ножницы с закругленными концами', 'Средства для дыхания', 21.83, 54, False, '2024-04-17', NULL);
INSERT INTO medications (medication_id, name, category, price, stock, requires_prescription, delivery_date, secret) VALUES (5720774961301, 'Спрей для носа', 'Антибиотики', 79.87, 50, True, '2024-09-15', NULL);
INSERT INTO medications (medication_id, name, category, price, stock, requires_prescription, delivery_date, secret) VALUES (9899486233870, 'Крем для заживления ран', 'Витамины для взрослых', 219.68, 5, True, '2024-08-04', NULL);
INSERT INTO medications (medication_id, name, category, price, stock, requires_prescription, delivery_date, secret) VALUES (494523480713, 'Витамины для зрения', 'Биологически активные добавки', 341.2, 21, False, '2024-04-03', NULL);
INSERT INTO medications (medication_id, name, category, price, stock, requires_prescription, delivery_date, secret) VALUES (2725555492725, 'Пластырь детский', 'Витамины для взрослых', 400.12, 12, False, '2024-01-15', NULL);
INSERT INTO medications (medication_id, name, category, price, stock, requires_prescription, delivery_date, secret) VALUES (6923605958924, 'Молокоотсос ручной', 'Для измерения давления', 317.96, 90, True, '2024-12-16', 'ibks_ctf{7caf5d1536e54208}');
INSERT INTO medications (medication_id, name, category, price, stock, requires_prescription, delivery_date, secret) VALUES (4945910028750, 'Ножницы с закругленными концами', 'Для измерения давления', 513.86, 52, False, '2024-10-18', NULL);
INSERT INTO medications (medication_id, name, category, price, stock, requires_prescription, delivery_date, secret) VALUES (1409370496298, 'Железо сироп', 'Витамины для детей', 59.7, 48, True, '2024-06-06', NULL);
INSERT INTO medications (medication_id, name, category, price, stock, requires_prescription, delivery_date, secret) VALUES (6817055568218, 'Цинк таблетки', 'Противовирусные', 342.57, 51, False, '2024-12-15', NULL);
INSERT INTO medications (medication_id, name, category, price, stock, requires_prescription, delivery_date, secret) VALUES (7009348658808, 'Кальций D3 таблетки', 'Термометры', 191.04, 7, True, '2024-11-07', NULL);
INSERT INTO medications (medication_id, name, category, price, stock, requires_prescription, delivery_date, secret) VALUES (1626338570283, 'Тонометр на запястье', 'Для ухода за кожей', 756.92, 56, False, '2024-01-05', NULL);
INSERT INTO medications (medication_id, name, category, price, stock, requires_prescription, delivery_date, secret) VALUES (9871790279638, 'Пробиотики капсулы', 'Противовирусные', 85.22, 69, True, '2024-10-12', NULL);
INSERT INTO medications (medication_id, name, category, price, stock, requires_prescription, delivery_date, secret) VALUES (2073117195387, 'Амоксициллин капсулы', 'Витамины для детей', 340.69, 82, True, '2024-04-08', NULL);
INSERT INTO medications (medication_id, name, category, price, stock, requires_prescription, delivery_date, secret) VALUES (6221439683747, 'Цефтриаксон порошок', 'Болеутоляющие', 438.87, 60, True, '2024-12-25', NULL);
INSERT INTO medications (medication_id, name, category, price, stock, requires_prescription, delivery_date, secret) VALUES (1511746316519, 'Механический тонометр', 'Для измерения давления', 678.87, 35, False, '2024-11-12', NULL);
INSERT INTO medications (medication_id, name, category, price, stock, requires_prescription, delivery_date, secret) VALUES (1586269451276, 'Крем под подгузник', 'Биологически активные добавки', 693.72, 15, False, '2024-03-11', NULL);
INSERT INTO medications (medication_id, name, category, price, stock, requires_prescription, delivery_date, secret) VALUES (6540007826219, 'Парацетамол таблетки', 'Для ухода за кожей', 407.68, 12, False, '2024-03-03', NULL);
INSERT INTO medications (medication_id, name, category, price, stock, requires_prescription, delivery_date, secret) VALUES (6848728578098, 'Пустышка силиконовая', 'Термометры', 496.78, 57, False, '2024-09-15', NULL);
INSERT INTO medications (medication_id, name, category, price, stock, requires_prescription, delivery_date, secret) VALUES (5511703997726, 'Подгузники одноразовые', 'Витамины для взрослых', 626.05, 82, True, '2024-06-29', NULL);
INSERT INTO medications (medication_id, name, category, price, stock, requires_prescription, delivery_date, secret) VALUES (319046722280, 'Пластырь для носа', 'Для здоровья малыша', 826.45, 92, True, '2024-05-30', NULL);
INSERT INTO medications (medication_id, name, category, price, stock, requires_prescription, delivery_date, secret) VALUES (7093999219303, 'Парацетамол таблетки', 'Для ухода за малышом', 288.0, 87, True, '2024-12-14', NULL);
INSERT INTO medications (medication_id, name, category, price, stock, requires_prescription, delivery_date, secret) VALUES (7355040264060, 'Азитромицин таблетки', 'Для ухода за малышом', 97.08, 50, True, '2024-07-10', NULL);
INSERT INTO medications (medication_id, name, category, price, stock, requires_prescription, delivery_date, secret) VALUES (3195602511249, 'Капли для носа', 'Термометры', 565.69, 31, False, '2024-01-19', NULL);
INSERT INTO medications (medication_id, name, category, price, stock, requires_prescription, delivery_date, secret) VALUES (6452951369820, 'Глюкометр с голосовым сопровождением', 'Для здоровья малыша', 42.22, 89, True, '2024-06-10', NULL);
INSERT INTO medications (medication_id, name, category, price, stock, requires_prescription, delivery_date, secret) VALUES (1582679698683, 'Лецитин капсулы', 'Для кормления', 724.2, 73, False, '2024-03-20', NULL);
INSERT INTO medications (medication_id, name, category, price, stock, requires_prescription, delivery_date, secret) VALUES (3324674902963, 'Подогреватель для бутылочек', 'Витамины для детей', 451.21, 34, False, '2024-12-18', NULL);
INSERT INTO medications (medication_id, name, category, price, stock, requires_prescription, delivery_date, secret) VALUES (6092491803332, 'Парацетамол таблетки', 'Для здоровья малыша', 902.83, 24, True, '2024-09-03', NULL);
INSERT INTO medications (medication_id, name, category, price, stock, requires_prescription, delivery_date, secret) VALUES (7966595566426, 'Мультивитамины сироп', 'Для ухода за малышом', 509.78, 87, True, '2024-07-25', NULL);
INSERT INTO medications (medication_id, name, category, price, stock, requires_prescription, delivery_date, secret) VALUES (8480820546308, 'Ингалятор ультразвуковой', 'Глюкометры и аксессуары', 23.09, 50, True, '2024-10-29', NULL);
INSERT INTO medications (medication_id, name, category, price, stock, requires_prescription, delivery_date, secret) VALUES (8985866679787, 'Пустышка силиконовая', 'Антибиотики', 822.95, 56, False, '2024-08-19', NULL);
INSERT INTO medications (medication_id, name, category, price, stock, requires_prescription, delivery_date, secret) VALUES (9675065599687, 'Амоксициллин капсулы', 'Глюкометры и аксессуары', 736.81, 96, False, '2024-12-24', NULL);
INSERT INTO medications (medication_id, name, category, price, stock, requires_prescription, delivery_date, secret) VALUES (3738924754743, 'Левофлоксацин капли', 'Противовирусные', 793.84, 44, True, '2024-02-27', NULL);
INSERT INTO medications (medication_id, name, category, price, stock, requires_prescription, delivery_date, secret) VALUES (963195318094, 'Ингавирин капсулы', 'Антибиотики', 218.2, 6, True, '2024-12-02', NULL);
INSERT INTO medications (medication_id, name, category, price, stock, requires_prescription, delivery_date, secret) VALUES (3773640303219, 'Увлажняющий лосьон', 'Глюкометры и аксессуары', 764.6, 25, True, '2024-03-08', NULL);
INSERT INTO medications (medication_id, name, category, price, stock, requires_prescription, delivery_date, secret) VALUES (1913714493558, 'Витамины для зрения', 'Антибиотики', 213.38, 91, False, '2024-03-03', NULL);
INSERT INTO medications (medication_id, name, category, price, stock, requires_prescription, delivery_date, secret) VALUES (5865833355070, 'Левофлоксацин капли', 'Термометры', 6.72, 33, False, '2024-10-14', NULL);
INSERT INTO medications (medication_id, name, category, price, stock, requires_prescription, delivery_date, secret) VALUES (364003615631, 'Молокоотсос электрический', 'Для здоровья малыша', 214.98, 86, False, '2024-06-07', NULL);
INSERT INTO medications (medication_id, name, category, price, stock, requires_prescription, delivery_date, secret) VALUES (1868301014886, 'Амоксициллин капсулы', 'Биологически активные добавки', 897.76, 90, True, '2024-04-18', NULL);
INSERT INTO medications (medication_id, name, category, price, stock, requires_prescription, delivery_date, secret) VALUES (6503467626157, 'Глюкометр с голосовым сопровождением', 'Для измерения давления', 58.01, 51, True, '2024-10-13', NULL);
INSERT INTO medications (medication_id, name, category, price, stock, requires_prescription, delivery_date, secret) VALUES (6632208974148, 'Пробиотики капсулы', 'Средства для дыхания', 315.25, 87, False, '2024-12-09', NULL);
INSERT INTO medications (medication_id, name, category, price, stock, requires_prescription, delivery_date, secret) VALUES (3907918037852, 'Спирулина таблетки', 'Противовирусные', 440.4, 52, True, '2024-04-10', NULL);
INSERT INTO medications (medication_id, name, category, price, stock, requires_prescription, delivery_date, secret) VALUES (5713617871240, 'Омега-3 капсулы', 'Средства для дыхания', 247.18, 57, False, '2024-04-11', NULL);
INSERT INTO medications (medication_id, name, category, price, stock, requires_prescription, delivery_date, secret) VALUES (6609015285552, 'Пластырь детский', 'Для ухода за малышом', 990.69, 86, False, '2024-06-29', NULL);
INSERT INTO medications (medication_id, name, category, price, stock, requires_prescription, delivery_date, secret) VALUES (955476690036, 'Спирулина таблетки', 'Средства для дыхания', 573.27, 78, False, '2024-10-22', NULL);
INSERT INTO medications (medication_id, name, category, price, stock, requires_prescription, delivery_date, secret) VALUES (5759353387966, 'Инфракрасный термометр', 'Для кормления', 757.79, 17, True, '2024-07-24', NULL);
INSERT INTO medications (medication_id, name, category, price, stock, requires_prescription, delivery_date, secret) VALUES (2732209764459, 'Ибупрофен капсулы', 'Глюкометры и аксессуары', 435.63, 88, True, '2024-02-13', NULL);
INSERT INTO medications (medication_id, name, category, price, stock, requires_prescription, delivery_date, secret) VALUES (2155014216720, 'Капли для носа', 'Антибиотики', 968.5, 11, True, '2024-08-15', NULL);
INSERT INTO medications (medication_id, name, category, price, stock, requires_prescription, delivery_date, secret) VALUES (4325349839378, 'Мелатонин таблетки', 'Витамины для детей', 511.7, 87, False, '2024-12-01', NULL);
INSERT INTO medications (medication_id, name, category, price, stock, requires_prescription, delivery_date, secret) VALUES (7621728289992, 'Бепантен крем', 'Витамины для взрослых', 946.32, 9, False, '2024-02-11', NULL);
INSERT INTO medications (medication_id, name, category, price, stock, requires_prescription, delivery_date, secret) VALUES (5018903477237, 'Ингалятор ультразвуковой', 'Для измерения давления', 29.81, 27, True, '2024-05-21', NULL);
INSERT INTO medications (medication_id, name, category, price, stock, requires_prescription, delivery_date, secret) VALUES (7683998840723, 'Термометр для воды', 'Биологически активные добавки', 451.56, 56, True, '2024-02-25', NULL);
INSERT INTO medications (medication_id, name, category, price, stock, requires_prescription, delivery_date, secret) VALUES (8299244992925, 'Компливит таблетки', 'Для ухода за малышом', 493.05, 97, True, '2024-07-23', NULL);
INSERT INTO medications (medication_id, name, category, price, stock, requires_prescription, delivery_date, secret) VALUES (4106572942406, 'Витамин D капли', 'Для кормления', 183.58, 16, False, '2024-12-28', NULL);
INSERT INTO medications (medication_id, name, category, price, stock, requires_prescription, delivery_date, secret) VALUES (4934327971841, 'Пластырь детский', 'Для кормления', 368.86, 84, True, '2024-12-17', NULL);
INSERT INTO medications (medication_id, name, category, price, stock, requires_prescription, delivery_date, secret) VALUES (6788584732718, 'Маска для ингалятора', 'Термометры', 733.26, 73, True, '2024-12-26', NULL);
INSERT INTO medications (medication_id, name, category, price, stock, requires_prescription, delivery_date, secret) VALUES (8542443371542, 'Механический тонометр', 'Биологически активные добавки', 4.82, 38, False, '2024-01-23', NULL);
INSERT INTO medications (medication_id, name, category, price, stock, requires_prescription, delivery_date, secret) VALUES (8471714931782, 'Электронный термометр', 'Витамины для взрослых', 903.11, 43, True, '2024-03-09', NULL);
INSERT INTO medications (medication_id, name, category, price, stock, requires_prescription, delivery_date, secret) VALUES (3332893871168, 'Масло для массажа', 'Для измерения давления', 78.7, 8, True, '2024-01-01', NULL);
INSERT INTO medications (medication_id, name, category, price, stock, requires_prescription, delivery_date, secret) VALUES (4147007146785, 'Доксициклин капсулы', 'Биологически активные добавки', 883.99, 96, True, '2024-02-16', NULL);
INSERT INTO medications (medication_id, name, category, price, stock, requires_prescription, delivery_date, secret) VALUES (1149250986975, 'Доксициклин капсулы', 'Для измерения давления', 994.49, 86, False, '2024-04-22', NULL);
INSERT INTO medications (medication_id, name, category, price, stock, requires_prescription, delivery_date, secret) VALUES (7431754363043, 'Салфетки для очков', 'Средства для дыхания', 76.81, 16, True, '2024-04-13', NULL);
INSERT INTO medications (medication_id, name, category, price, stock, requires_prescription, delivery_date, secret) VALUES (2274433824283, 'Пустышка силиконовая', 'Болеутоляющие', 409.6, 46, False, '2024-06-26', NULL);
INSERT INTO medications (medication_id, name, category, price, stock, requires_prescription, delivery_date, secret) VALUES (1010237165884, 'Крем для заживления ран', 'Биологически активные добавки', 210.31, 37, False, '2024-03-22', NULL);


--
INSERT INTO pharmacies (pharmacy_id, address, contact_number, secret) VALUES (2343437744764, 'ст. Северодвинск, алл. Максима Горького, д. 456 стр. 1/4, 204805', '+7 288 524 8529', NULL);
INSERT INTO pharmacies (pharmacy_id, address, contact_number, secret) VALUES (4137356517374, 'с. Североуральск, ш. Новостройка, д. 6/7, 226344', '+7 (531) 006-2407', NULL);
INSERT INTO pharmacies (pharmacy_id, address, contact_number, secret) VALUES (6721801046588, 'клх Соловки, ул. Космическая, д. 4/8, 338773', '+7 605 784 13 15', NULL);
INSERT INTO pharmacies (pharmacy_id, address, contact_number, secret) VALUES (1761671953314, 'п. Лабытнанги, пер. Дружба, д. 2/5 стр. 978, 186635', '82028046624', NULL);
INSERT INTO pharmacies (pharmacy_id, address, contact_number, secret) VALUES (4004989659590, 'к. Мезень, наб. Энтузиастов, д. 8/4, 626105', '8 (577) 881-4730', NULL);
INSERT INTO pharmacies (pharmacy_id, address, contact_number, secret) VALUES (6363680853972, 'п. Невинномысск, ш. Красных Партизан, д. 8 стр. 7, 490014', '8 259 005 41 02', NULL);
INSERT INTO pharmacies (pharmacy_id, address, contact_number, secret) VALUES (2544229517034, 'г. Джейрах, алл. Аэродромная, д. 595 стр. 1/8, 167487', '8 203 913 2115', NULL);
INSERT INTO pharmacies (pharmacy_id, address, contact_number, secret) VALUES (7656412026751, 'г. Волоколамск, бул. Культуры, д. 60 к. 2/6, 048255', '8 (721) 731-37-77', NULL);
INSERT INTO pharmacies (pharmacy_id, address, contact_number, secret) VALUES (3370776780022, 'к. Саянск, ул. Школьная, д. 8/1 стр. 9/3, 358637', '+77333749219', NULL);
INSERT INTO pharmacies (pharmacy_id, address, contact_number, secret) VALUES (8644385809050, 'с. Певек, ш. Полярное, д. 1/7 к. 18, 052974', '+7 (375) 406-2047', NULL);
INSERT INTO pharmacies (pharmacy_id, address, contact_number, secret) VALUES (8434538420269, 'с. Карабулак, ул. Пожарского, д. 76 стр. 4/9, 197622', '8 033 535 2583', NULL);
INSERT INTO pharmacies (pharmacy_id, address, contact_number, secret) VALUES (3596155978860, 'ст. Оленегорск (Якут.), пер. Большой, д. 8 к. 8, 803464', '81628402944', NULL);
INSERT INTO pharmacies (pharmacy_id, address, contact_number, secret) VALUES (4523076094286, 'к. Оха, бул. Приморский, д. 2, 720398', '81248882992', NULL);
INSERT INTO pharmacies (pharmacy_id, address, contact_number, secret) VALUES (743206198057, 'ст. Салават, алл. Гайдара, д. 19 к. 29, 151752', '8 (265) 599-17-77', NULL);
INSERT INTO pharmacies (pharmacy_id, address, contact_number, secret) VALUES (5087312934709, 'клх Терней, пр. Коммунаров, д. 282 стр. 7, 252552', '8 (934) 794-02-16', NULL);
INSERT INTO pharmacies (pharmacy_id, address, contact_number, secret) VALUES (8317112220403, 'к. Шилка, пер. Песчаный, д. 24, 751508', '+7 820 949 70 07', NULL);
INSERT INTO pharmacies (pharmacy_id, address, contact_number, secret) VALUES (8363114386494, 'д. Калевала, ш. Гвардейское, д. 171, 024069', '8 835 602 2233', NULL);
INSERT INTO pharmacies (pharmacy_id, address, contact_number, secret) VALUES (4246407091982, 'д. Печора, пер. Красный, д. 2, 417219', '+7 823 349 7819', NULL);
INSERT INTO pharmacies (pharmacy_id, address, contact_number, secret) VALUES (2645894338648, 'д. Южно-Курильск, пр. Краснофлотский, д. 48 стр. 9, 598842', '8 207 905 1622', NULL);
INSERT INTO pharmacies (pharmacy_id, address, contact_number, secret) VALUES (6983368898424, 'г. Кош-Агач, ш. Иванова, д. 4/2 к. 9/3, 130933', '8 (858) 145-95-77', NULL);
INSERT INTO pharmacies (pharmacy_id, address, contact_number, secret) VALUES (1056526049121, 'с. Верхний Баскунчак, ул. Ульянова, д. 20, 966620', '+72203336209', NULL);
INSERT INTO pharmacies (pharmacy_id, address, contact_number, secret) VALUES (190924490428, 'ст. Баксан, алл. 8-е Марта, д. 6/4 стр. 9/4, 310621', '86770249088', NULL);
INSERT INTO pharmacies (pharmacy_id, address, contact_number, secret) VALUES (1794425987518, 'ст. Рубцовск, ш. Краснофлотское, д. 306 к. 9/1, 023556', '+75938155419', NULL);
INSERT INTO pharmacies (pharmacy_id, address, contact_number, secret) VALUES (4222084253202, 'д. Усть-Катав, бул. Труда, д. 3/9, 838577', '+79815048320', NULL);
INSERT INTO pharmacies (pharmacy_id, address, contact_number, secret) VALUES (3078767008819, 'п. Корсаков, алл. Шмидта, д. 74 стр. 8, 789740', '+7 (406) 382-37-77', NULL);
INSERT INTO pharmacies (pharmacy_id, address, contact_number, secret) VALUES (896189000968, 'к. Губаха, алл. Жукова, д. 5, 610944', '8 (851) 501-3013', NULL);
INSERT INTO pharmacies (pharmacy_id, address, contact_number, secret) VALUES (2226846638698, 'д. Павловская, пр. Димитрова, д. 2/2 стр. 6, 518444', '+76716726642', NULL);
INSERT INTO pharmacies (pharmacy_id, address, contact_number, secret) VALUES (839620072209, 'клх Адыгейск, пер. Высокий, д. 52, 481912', '8 (124) 313-7667', NULL);
INSERT INTO pharmacies (pharmacy_id, address, contact_number, secret) VALUES (4747771816091, 'д. Егорьевск, алл. Раздольная, д. 53 стр. 849, 765616', '+77371391171', NULL);
INSERT INTO pharmacies (pharmacy_id, address, contact_number, secret) VALUES (7818439570925, 'к. Курганинск, пер. Космический, д. 4/7 стр. 1/5, 482221', '+72077533628', NULL);
INSERT INTO pharmacies (pharmacy_id, address, contact_number, secret) VALUES (709868448367, 'клх Ачхой Мартан, наб. Ленская, д. 36 стр. 6/4, 101998', '+7 035 833 07 20', NULL);
INSERT INTO pharmacies (pharmacy_id, address, contact_number, secret) VALUES (8787360167841, 'к. Салехард, бул. Советов, д. 32, 348712', '+7 (549) 917-52-43', NULL);
INSERT INTO pharmacies (pharmacy_id, address, contact_number, secret) VALUES (9354289390415, 'к. Назрань, пер. Тельмана, д. 6/5 к. 6, 309431', '8 576 345 33 92', NULL);
INSERT INTO pharmacies (pharmacy_id, address, contact_number, secret) VALUES (6959968529136, 'к. Токсово, бул. Блюхера, д. 699, 069888', '+7 852 512 08 52', NULL);
INSERT INTO pharmacies (pharmacy_id, address, contact_number, secret) VALUES (2054429043719, 'г. Каменск-Уральский, пр. Терешковой, д. 5/8 к. 335, 215482', '8 (046) 885-18-10', NULL);
INSERT INTO pharmacies (pharmacy_id, address, contact_number, secret) VALUES (4788243474616, 'с. Кузнецк, наб. Тюленина, д. 5, 053316', '81255364980', NULL);
INSERT INTO pharmacies (pharmacy_id, address, contact_number, secret) VALUES (3590711535597, 'г. Терскол, ул. Дружбы, д. 39, 875765', '8 (328) 726-4868', NULL);
INSERT INTO pharmacies (pharmacy_id, address, contact_number, secret) VALUES (9568159474499, 'г. Назрань, пр. Безымянный, д. 3/8 стр. 9, 387673', '+7 952 002 90 43', NULL);
INSERT INTO pharmacies (pharmacy_id, address, contact_number, secret) VALUES (2366839477368, 'д. Южноуральск, ул. Парижской Коммуны, д. 6/6, 538938', '+7 (116) 313-91-91', NULL);
INSERT INTO pharmacies (pharmacy_id, address, contact_number, secret) VALUES (8227232681223, 'клх Новый Оскол, ул. Слободская, д. 397 к. 47, 043886', '8 (129) 541-77-31', NULL);
INSERT INTO pharmacies (pharmacy_id, address, contact_number, secret) VALUES (4173562057938, 'клх Домодедово, ш. Энергетическое, д. 953 к. 4, 387106', '8 (695) 168-90-50', NULL);
INSERT INTO pharmacies (pharmacy_id, address, contact_number, secret) VALUES (4318390314482, 'ст. Новгород Великий, алл. Рязанская, д. 1/6 к. 8, 199533', '8 262 868 41 17', NULL);
INSERT INTO pharmacies (pharmacy_id, address, contact_number, secret) VALUES (1622137494348, 'п. Котельнич, пер. Рыбацкий, д. 7 стр. 5/7, 434188', '8 (027) 427-6403', NULL);
INSERT INTO pharmacies (pharmacy_id, address, contact_number, secret) VALUES (6582493441194, 'п. Чусовой, ш. Красногвардейское, д. 6, 078536', '8 474 721 34 26', NULL);
INSERT INTO pharmacies (pharmacy_id, address, contact_number, secret) VALUES (7286234627807, 'с. Бузулук, алл. Плеханова, д. 8 к. 2, 129346', '+7 906 511 1884', NULL);
INSERT INTO pharmacies (pharmacy_id, address, contact_number, secret) VALUES (6653852045428, 'д. Оленек, ул. Кольцова, д. 555, 289586', '88939813953', NULL);
INSERT INTO pharmacies (pharmacy_id, address, contact_number, secret) VALUES (1427150322506, 'к. Качканар, наб. Пушкина, д. 347, 667860', '+7 (760) 546-7057', NULL);
INSERT INTO pharmacies (pharmacy_id, address, contact_number, secret) VALUES (1436007033762, 'п. Ряжск, бул. Озерный, д. 4/9, 623113', '8 564 466 14 48', NULL);
INSERT INTO pharmacies (pharmacy_id, address, contact_number, secret) VALUES (8374956321925, 'ст. Костомукша, пр. Р.Люксембург, д. 8/4 к. 545, 340763', '8 (739) 387-30-17', NULL);
INSERT INTO pharmacies (pharmacy_id, address, contact_number, secret) VALUES (4197333400891, 'д. Моршанск, пр. Орловский, д. 179, 277347', '+71855762065', NULL);
INSERT INTO pharmacies (pharmacy_id, address, contact_number, secret) VALUES (6660738809524, 'п. Набережные Челны, пер. Чапаева, д. 79 к. 855, 150388', '+7 502 125 96 89', NULL);
INSERT INTO pharmacies (pharmacy_id, address, contact_number, secret) VALUES (3514644488294, 'клх Бодайбо, алл. Союзная, д. 7 к. 3, 407809', '+7 (369) 797-1255', NULL);
INSERT INTO pharmacies (pharmacy_id, address, contact_number, secret) VALUES (7838826375230, 'д. Северодвинск, алл. Курская, д. 4/6 к. 487, 505992', '8 (910) 549-10-03', NULL);
INSERT INTO pharmacies (pharmacy_id, address, contact_number, secret) VALUES (1412660621133, 'с. Можайск, бул. Азовский, д. 614 стр. 994, 666022', '+7 (446) 141-4160', NULL);
INSERT INTO pharmacies (pharmacy_id, address, contact_number, secret) VALUES (4919111892151, 'п. Карталы, пр. Леваневского, д. 9/1, 732593', '8 (600) 055-5953', NULL);
INSERT INTO pharmacies (pharmacy_id, address, contact_number, secret) VALUES (6636574674602, 'д. Тутончаны, бул. Папанина, д. 29, 358686', '+7 883 010 89 01', NULL);
INSERT INTO pharmacies (pharmacy_id, address, contact_number, secret) VALUES (853856417788, 'к. Шенкурск, наб. Лермонтова, д. 6/6 к. 4, 199334', '+7 732 061 3694', NULL);
INSERT INTO pharmacies (pharmacy_id, address, contact_number, secret) VALUES (5908528513598, 'клх Майкоп, пер. Королева, д. 3 стр. 4/6, 506769', '8 077 256 56 51', NULL);
INSERT INTO pharmacies (pharmacy_id, address, contact_number, secret) VALUES (8950010123478, 'клх Ивдель, алл. Мусы Джалиля, д. 3 стр. 4/5, 924234', '+7 (099) 893-01-71', NULL);
INSERT INTO pharmacies (pharmacy_id, address, contact_number, secret) VALUES (524012488187, 'ст. Зеленогорск (Ленин.), алл. Воровского, д. 610 стр. 286, 797890', '+7 (936) 539-86-16', NULL);
INSERT INTO pharmacies (pharmacy_id, address, contact_number, secret) VALUES (5934435918089, 'п. Середниково, пр. Коммунаров, д. 9, 254799', '8 (791) 778-12-65', NULL);
INSERT INTO pharmacies (pharmacy_id, address, contact_number, secret) VALUES (2500013283875, 'д. Томск, пер. Транспортный, д. 711 к. 2, 457300', '82374453085', NULL);
INSERT INTO pharmacies (pharmacy_id, address, contact_number, secret) VALUES (9396793378343, 'клх Верхнее Пенжино, бул. Беляева, д. 405 к. 83, 006701', '8 753 928 5014', NULL);
INSERT INTO pharmacies (pharmacy_id, address, contact_number, secret) VALUES (225168196499, 'п. Калачинск, алл. Тукая, д. 361 к. 55, 077429', '8 394 910 37 02', NULL);
INSERT INTO pharmacies (pharmacy_id, address, contact_number, secret) VALUES (5257510229062, 'клх Корсаков, алл. Юности, д. 2 к. 4, 592348', '8 (626) 071-70-75', NULL);
INSERT INTO pharmacies (pharmacy_id, address, contact_number, secret) VALUES (2824803342451, 'с. Каменск-Уральский, ш. Казачье, д. 428 стр. 206, 221201', '8 (365) 959-33-98', NULL);
INSERT INTO pharmacies (pharmacy_id, address, contact_number, secret) VALUES (8631947600774, 'к. Сыктывкар, ш. Луначарского, д. 8 к. 11, 047586', '+7 (211) 696-23-71', NULL);
INSERT INTO pharmacies (pharmacy_id, address, contact_number, secret) VALUES (7614603844126, 'клх Кировск (Мурм.), ул. Дзержинского, д. 5/3 стр. 99, 913091', '8 (750) 730-97-05', NULL);
INSERT INTO pharmacies (pharmacy_id, address, contact_number, secret) VALUES (6322965699940, 'с. Холмск, бул. Бабушкина, д. 49 к. 4/3, 192282', '83372730103', NULL);
INSERT INTO pharmacies (pharmacy_id, address, contact_number, secret) VALUES (318919115341, 'клх Мостовской, ул. Олимпийская, д. 91 к. 4/5, 709753', '+7 (160) 963-08-48', NULL);
INSERT INTO pharmacies (pharmacy_id, address, contact_number, secret) VALUES (9688084697876, 'д. Сухиничи, ш. Мирное, д. 2 к. 837, 611726', '8 (838) 656-0288', NULL);
INSERT INTO pharmacies (pharmacy_id, address, contact_number, secret) VALUES (7294544826858, 'клх Котлас, бул. Автомобилистов, д. 1 стр. 300, 926030', '+7 (443) 054-1521', NULL);
INSERT INTO pharmacies (pharmacy_id, address, contact_number, secret) VALUES (8621813013753, 'ст. Дагомыс, ш. Кузнецкое, д. 6 стр. 9/6, 075471', '+7 613 619 04 48', NULL);
INSERT INTO pharmacies (pharmacy_id, address, contact_number, secret) VALUES (7390655814200, 'с. Баксан, наб. Путевая, д. 9/1 стр. 6/7, 043642', '8 639 042 3767', NULL);
INSERT INTO pharmacies (pharmacy_id, address, contact_number, secret) VALUES (7458105374343, 'п. Агата, ул. Пограничная, д. 429, 381338', '+7 518 175 90 29', NULL);
INSERT INTO pharmacies (pharmacy_id, address, contact_number, secret) VALUES (4142689395537, 'клх Печенга, бул. Угловой, д. 3 к. 81, 837270', '+7 604 399 44 54', NULL);
INSERT INTO pharmacies (pharmacy_id, address, contact_number, secret) VALUES (347870490075, 'клх Кисловодск, алл. Серафимовича, д. 42 стр. 151, 620030', '80680091894', NULL);
INSERT INTO pharmacies (pharmacy_id, address, contact_number, secret) VALUES (6868560944493, 'д. Кяхта, ул. Петровская, д. 38 к. 9, 802961', '+7 (487) 444-0093', NULL);
INSERT INTO pharmacies (pharmacy_id, address, contact_number, secret) VALUES (2507361014106, 'г. Бийск, пр. Нижний, д. 5/1 к. 160, 151219', '8 (303) 010-9546', NULL);
INSERT INTO pharmacies (pharmacy_id, address, contact_number, secret) VALUES (1525304571203, 'к. Игарка, ул. Суворова, д. 363, 473314', '86087722726', NULL);
INSERT INTO pharmacies (pharmacy_id, address, contact_number, secret) VALUES (8672330228724, 'к. Салават, наб. Правды, д. 8/7 стр. 84, 320599', '8 (442) 990-51-37', NULL);
INSERT INTO pharmacies (pharmacy_id, address, contact_number, secret) VALUES (9166865967900, 'с. Уренгой, алл. Ватутина, д. 2 к. 37, 343654', '+7 020 036 9008', NULL);
INSERT INTO pharmacies (pharmacy_id, address, contact_number, secret) VALUES (7194268460201, 'с. Всеволожск, пр. Титова, д. 2/6 стр. 6/7, 403735', '8 927 715 15 83', NULL);
INSERT INTO pharmacies (pharmacy_id, address, contact_number, secret) VALUES (2318705369895, 'п. Кемерово, ш. Павлика Морозова, д. 60 стр. 103, 721744', '84647173129', NULL);
INSERT INTO pharmacies (pharmacy_id, address, contact_number, secret) VALUES (1779382129652, 'г. Тулпан, бул. Павлика Морозова, д. 34 стр. 9/6, 441635', '+74154262790', NULL);
INSERT INTO pharmacies (pharmacy_id, address, contact_number, secret) VALUES (7621305103123, 'ст. Карачаевск, пер. Маяковского, д. 94 стр. 625, 547695', '8 (076) 447-48-18', NULL);
INSERT INTO pharmacies (pharmacy_id, address, contact_number, secret) VALUES (7680703865033, 'ст. Кизилюрт, ул. Ушакова, д. 8/4, 142948', '8 (341) 433-78-23', NULL);
INSERT INTO pharmacies (pharmacy_id, address, contact_number, secret) VALUES (2124505907225, 'с. Абинск, пер. Новый, д. 7/1 к. 525, 115396', '8 688 123 7100', NULL);
INSERT INTO pharmacies (pharmacy_id, address, contact_number, secret) VALUES (6157298620183, 'п. Усть-Калманка, бул. Толбухина, д. 74 стр. 960, 194055', '8 (464) 070-62-03', NULL);
INSERT INTO pharmacies (pharmacy_id, address, contact_number, secret) VALUES (5983079605206, 'клх Тутаев, алл. 40 лет Октября, д. 497 стр. 840, 207980', '+7 377 747 7291', NULL);
INSERT INTO pharmacies (pharmacy_id, address, contact_number, secret) VALUES (8911940994613, 'д. Сыктывкар, пер. Светлый, д. 3/5 стр. 4, 181699', '+7 (794) 054-51-47', NULL);
INSERT INTO pharmacies (pharmacy_id, address, contact_number, secret) VALUES (4807957972888, 'с. Кировск (Мурм.), ш. Станиславского, д. 17, 736533', '8 331 353 8401', NULL);
INSERT INTO pharmacies (pharmacy_id, address, contact_number, secret) VALUES (5700065771796, 'ст. Верхнее Пенжино, алл. Водопроводная, д. 20 стр. 27, 173083', '86042588843', NULL);
INSERT INTO pharmacies (pharmacy_id, address, contact_number, secret) VALUES (7900894851395, 'п. Советский, бул. Покровский, д. 839, 315706', '+7 566 818 56 50', NULL);
INSERT INTO pharmacies (pharmacy_id, address, contact_number, secret) VALUES (1367934952652, 'п. Борзя, ул. Окружная, д. 1/8 стр. 9/5, 181788', '8 (494) 054-73-59', NULL);
INSERT INTO pharmacies (pharmacy_id, address, contact_number, secret) VALUES (6518656589939, 'п. Петропавловск-Камчатский, ул. Краснопартизанская, д. 135 к. 131, 915485', '+7 (881) 494-7234', NULL);
INSERT INTO pharmacies (pharmacy_id, address, contact_number, secret) VALUES (2965909797179, 'к. Курильск, ш. Первомайское, д. 3/4 стр. 919, 668955', '+7 528 974 7736', NULL);
INSERT INTO pharmacies (pharmacy_id, address, contact_number, secret) VALUES (357557729671, 'г. Дно, алл. Чапаева, д. 51 стр. 224, 411298', '+76536992153', NULL);
INSERT INTO pharmacies (pharmacy_id, address, contact_number, secret) VALUES (1521189899449, 'г. Кяхта, бул. Мелиораторов, д. 960 стр. 744, 888415', '8 (918) 189-67-10', NULL);
INSERT INTO pharmacies (pharmacy_id, address, contact_number, secret) VALUES (7277424475704, 'с. Нягань, пр. Культуры, д. 5/7, 440455', '+7 906 044 77 89', NULL);


--
INSERT INTO reviews (review_id, login, medication_id, rating, review_text, review_date, secret) VALUES (2975854378163, 'central_year@gmail.com', 3581802080560, 4, 'Поздравлять пространство плясать банк невозможно ответить. Трубка о функция.', '2024-03-04 07:28:46', NULL);
INSERT INTO reviews (review_id, login, medication_id, rating, review_text, review_date, secret) VALUES (3535681672729, 'central_year@gmail.com', 7652567101015, 5, 'При демократия монета гулять серьезный плясать. Термин смертельный тяжелый миг разводить.', '2024-06-26 04:50:29', NULL);
INSERT INTO reviews (review_id, login, medication_id, rating, review_text, review_date, secret) VALUES (1285153608382, 'administration_hundred@yahoo.com', 8944397431400, 2, 'Ярко дурацкий перебивать ход. Космос волк печатать полевой. Приятель а премьера очередной издали.', '2024-01-12 03:50:29', NULL);
INSERT INTO reviews (review_id, login, medication_id, rating, review_text, review_date, secret) VALUES (7945727225295, 'turn_assume@yahoo.com', 5720774961301, 2, 'Боец триста ход падаль очередной девка тревога. Заложить изменение медицина забирать расстройство мелочь заработать.', '2024-01-07 16:42:50', NULL);
INSERT INTO reviews (review_id, login, medication_id, rating, review_text, review_date, secret) VALUES (2276869271549, 'gas_else@rambler.ru', 8944397431400, 5, 'Демократия экзамен правление сходить изменение. Инвалид пространство научить приличный. Инвалид дурацкий приятель военный прежний.', '2024-11-04 18:13:24', NULL);
INSERT INTO reviews (review_id, login, medication_id, rating, review_text, review_date, secret) VALUES (5252990177988, 'agree_side@hotmail.com', 2435829953509, 5, 'Поколение медицина куча присесть скользить.', '2024-04-28 17:15:51', NULL);
INSERT INTO reviews (review_id, login, medication_id, rating, review_text, review_date, secret) VALUES (4300926875253, 'how_push@hotmail.com', 5511703997726, 3, 'Пламя бочок недостаток дьявол порт коммунизм достоинство. Коммунизм райком крутой свежий какой холодно. Сходить даль слишком.', '2024-01-10 06:59:29', NULL);
INSERT INTO reviews (review_id, login, medication_id, rating, review_text, review_date, secret) VALUES (2550149054917, 'method_poor@yahoo.com', 6848728578098, 1, 'Природа привлекать невыносимый отражение отъезд возмутиться. Падаль посвятить оставить роса. Деловой возникновение полоска военный.', '2024-02-28 14:33:57', NULL);
INSERT INTO reviews (review_id, login, medication_id, rating, review_text, review_date, secret) VALUES (5134286527106, 'country_sport@gmail.com', 963195318094, 5, 'Хлеб холодно чем находить основание помимо лететь поздравлять. Господь пища теория.', '2024-09-11 02:06:54', NULL);
INSERT INTO reviews (review_id, login, medication_id, rating, review_text, review_date, secret) VALUES (9672751209820, 'budget_role@gmail.com', 5511703997726, 5, 'Мимо смеяться освобождение даль возможно эпоха. Выразить светило карандаш теория. Заложить ложиться выражение ныне мальчишка.', '2024-04-24 00:18:16', NULL);
INSERT INTO reviews (review_id, login, medication_id, rating, review_text, review_date, secret) VALUES (3369513836849, 'wear_attorney@gmail.com', 8985866679787, 5, 'Художественный торопливый пропасть мрачно исследование магазин. Перебивать ход строительство вскинуть возникновение собеседник ботинок.', '2024-06-02 22:55:12', NULL);
INSERT INTO reviews (review_id, login, medication_id, rating, review_text, review_date, secret) VALUES (3535308101526, 'goal_consumer@rambler.ru', 8122313581266, 0, 'Карман устройство труп прелесть болото. Скрытый табак горький дыхание вчера. Успокоиться магазин разуметься сомнительный костер.', '2024-07-21 05:11:15', NULL);
INSERT INTO reviews (review_id, login, medication_id, rating, review_text, review_date, secret) VALUES (6349502551486, 'answer_wrong@yahoo.com', 494523480713, 0, 'Тревога выдержать армейский штаб. Набор слишком спорт банда карандаш актриса. Тяжелый сустав какой.', '2024-11-03 08:25:52', NULL);
INSERT INTO reviews (review_id, login, medication_id, rating, review_text, review_date, secret) VALUES (6515472150466, 'three_manager@hotmail.com', 3195602511249, 3, 'Расстройство наслаждение порт опасность миллиард приятель приятель идея. Вообще ночь даль новый.', '2024-11-26 04:04:40', NULL);
INSERT INTO reviews (review_id, login, medication_id, rating, review_text, review_date, secret) VALUES (6823329843882, 'five_kind@yahoo.com', 6221439683747, 3, 'Монета ученый командование естественный выгнать монета прежний что. Валюта командование анализ разуметься райком развернуться пламя неожиданный.', '2024-04-11 13:49:08', NULL);
INSERT INTO reviews (review_id, login, medication_id, rating, review_text, review_date, secret) VALUES (122343840171, 'allow_same@rambler.ru', 5511703997726, 1, 'Оборот вытаскивать сустав. Художественный сомнительный выраженный возмутиться порт покидать.', '2024-07-23 22:53:57', NULL);
INSERT INTO reviews (review_id, login, medication_id, rating, review_text, review_date, secret) VALUES (3381816199155, 'artist_card@gmail.com', 1708264394130, 0, 'Манера виднеться болото сверкать. Выдержать упор интеллектуальный возможно командир салон дремать.', '2024-01-03 02:22:07', NULL);
INSERT INTO reviews (review_id, login, medication_id, rating, review_text, review_date, secret) VALUES (5370954387416, 'month_media@mail.ru', 1010237165884, 3, 'Смелый ученый непривычный степь более. Медицина решетка правление товар. Четко плод слишком даль.', '2024-03-15 20:45:55', NULL);
INSERT INTO reviews (review_id, login, medication_id, rating, review_text, review_date, secret) VALUES (2326893193314, 'traditional_minute@gmail.com', 2639137148675, 5, 'Другой торопливый висеть поезд ярко заработать монета предоставить. Теория тесно спешить тюрьма монета промолчать.', '2024-02-24 11:42:43', NULL);
INSERT INTO reviews (review_id, login, medication_id, rating, review_text, review_date, secret) VALUES (6596255688475, 'point_well@gmail.com', 7355040264060, 2, 'Прощение нажать блин выраженный очутиться дьявол плод. Дурацкий мера торговля.', '2024-05-20 17:56:16', NULL);
INSERT INTO reviews (review_id, login, medication_id, rating, review_text, review_date, secret) VALUES (6076102766421, 'learn_number@hotmail.com', 6097136384900, 0, 'Танцевать заявление трясти нервно. Пятеро какой смертельный прощение войти пространство жестокий расстройство. Поезд разнообразный пламя нажать.', '2024-12-14 13:12:51', NULL);
INSERT INTO reviews (review_id, login, medication_id, rating, review_text, review_date, secret) VALUES (621111611345, 'identify_power@mail.ru', 4772793456130, 3, 'Зеленый металл столетие невозможно. Недостаток помимо табак фонарик помимо промолчать. Страсть доставать означать постоянный куча издали.', '2024-09-12 16:33:21', NULL);
INSERT INTO reviews (review_id, login, medication_id, rating, review_text, review_date, secret) VALUES (7745376517228, 'our_major@mail.ru', 7093999219303, 5, 'Граница скользить заведение танцевать запустить миф.', '2024-05-21 13:18:49', NULL);
INSERT INTO reviews (review_id, login, medication_id, rating, review_text, review_date, secret) VALUES (9762511732634, 'agree_side@hotmail.com', 2073117195387, 4, 'Господь дрогнуть совет господь порода при возникновение через. Сбросить исполнять ставить назначить опасность прощение.', '2024-09-06 21:54:45', NULL);
INSERT INTO reviews (review_id, login, medication_id, rating, review_text, review_date, secret) VALUES (9600796819612, 'three_manager@hotmail.com', 8985866679787, 5, 'Тесно порт пропадать. Термин мягкий мера термин.', '2024-02-10 15:45:04', NULL);
INSERT INTO reviews (review_id, login, medication_id, rating, review_text, review_date, secret) VALUES (4802610302682, 'society_can@mail.ru', 8150626503071, 3, 'Грустный порт желание грустный зачем реклама. Манера блин набор развитый тесно. Сынок заработать цепочка юный подземный спорт вариант что.', '2024-05-06 05:22:59', NULL);
INSERT INTO reviews (review_id, login, medication_id, rating, review_text, review_date, secret) VALUES (5713437614324, 'population_meet@rambler.ru', 966065682707, 4, 'Бак число изредка ягода адвокат. Дьявол выкинуть посвятить рис смеяться июнь.', '2024-12-30 06:31:41', NULL);
INSERT INTO reviews (review_id, login, medication_id, rating, review_text, review_date, secret) VALUES (1247627154696, 'allow_same@rambler.ru', 8150626503071, 3, 'Художественный космос штаб мягкий песня. Встать строительство растеряться палец набор. Предоставить разнообразный вскакивать рабочий изменение.', '2024-11-14 01:07:32', NULL);
INSERT INTO reviews (review_id, login, medication_id, rating, review_text, review_date, secret) VALUES (5721438329406, 'laugh_either@mail.ru', 6923605958924, 2, 'Художественный изменение нервно инвалид цепочка рассуждение. Промолчать висеть серьезный спешить медицина сбросить эффект.', '2024-01-06 07:48:22', NULL);
INSERT INTO reviews (review_id, login, medication_id, rating, review_text, review_date, secret) VALUES (6756781296661, 'agree_side@hotmail.com', 5759353387966, 2, 'Академик горький изба мальчишка дорогой успокоиться. Правление актриса бочок очко а столетие.', '2024-06-24 03:40:47', NULL);
INSERT INTO reviews (review_id, login, medication_id, rating, review_text, review_date, secret) VALUES (7688763264285, 'population_meet@rambler.ru', 9871790279638, 2, 'Назначить плавно развитый триста народ карман. Каюта сынок устройство порядок коммунизм неожиданно. Набор мрачно точно.', '2024-10-06 05:25:31', NULL);
INSERT INTO reviews (review_id, login, medication_id, rating, review_text, review_date, secret) VALUES (8236722656092, 'politics_worry@hotmail.com', 7966595566426, 3, 'Четыре командование другой теория новый ломать. Набор плод крутой смертельный снимать. Неправда сопровождаться табак трубка.', '2024-11-29 20:01:10', NULL);
INSERT INTO reviews (review_id, login, medication_id, rating, review_text, review_date, secret) VALUES (4410569298859, 'class_your@yandex.ru', 5865833355070, 5, 'Рис развитый лапа носок головной. Сустав горький штаб жить посвятить. Забирать невозможно сбросить разнообразный при радость четко.', '2024-12-27 17:09:46', NULL);
INSERT INTO reviews (review_id, login, medication_id, rating, review_text, review_date, secret) VALUES (7720342615863, 'much_perhaps@mail.ru', 2073117195387, 0, 'Жидкий солнце отметить интернет. Трясти дружно спешить поймать тысяча. Перебивать головной лапа естественный.', '2024-11-05 01:15:02', NULL);
INSERT INTO reviews (review_id, login, medication_id, rating, review_text, review_date, secret) VALUES (4328367093876, 'society_can@mail.ru', 5720774961301, 4, 'Хотеть песня отдел назначить невозможно казнь. Возмутиться парень ответить дьявол слишком.', '2024-09-03 10:14:59', NULL);
INSERT INTO reviews (review_id, login, medication_id, rating, review_text, review_date, secret) VALUES (5079271777022, 'traditional_minute@gmail.com', 4772793456130, 3, 'Указанный академик применяться казнь приятель народ увеличиваться. Успокоиться художественный костер самостоятельно граница о.', '2024-10-20 15:58:51', NULL);
INSERT INTO reviews (review_id, login, medication_id, rating, review_text, review_date, secret) VALUES (5689451560742, 'goal_consumer@rambler.ru', 955476690036, 5, 'Мрачно болото мелочь сверкать успокоиться коллектив смелый. Пропаганда казнь терапия боец.', '2024-03-27 19:24:32', NULL);
INSERT INTO reviews (review_id, login, medication_id, rating, review_text, review_date, secret) VALUES (8323607971743, 'administration_state@yahoo.com', 182582593757, 1, 'Прощение головной горький мотоцикл магазин дошлый решение. Спешить горький лиловый запретить. Бак способ угол тревога лететь ремень.', '2024-03-15 06:05:13', NULL);
INSERT INTO reviews (review_id, login, medication_id, rating, review_text, review_date, secret) VALUES (6948002925508, 'these_idea@mail.ru', 5759353387966, 5, 'Хлеб ведь степь соответствие легко поставить дружно. Ныне упор жить подземный ягода.Поезд карман неудобно изображать холодно подземный сохранять.', '2024-04-11 08:47:15', NULL);
INSERT INTO reviews (review_id, login, medication_id, rating, review_text, review_date, secret) VALUES (8133464169562, 'trade_lawyer@gmail.com', 6540007826219, 2, 'Ярко подробность исполнять. Исследование дыхание изучить избегать.', '2024-05-31 21:06:40', NULL);
INSERT INTO reviews (review_id, login, medication_id, rating, review_text, review_date, secret) VALUES (2359459288445, 'better_try@mail.ru', 7521495978092, 5, 'Монета полюбить решетка спичка волк. Головной ныне заведение поговорить. Выраженный полностью низкий болото руководитель.', '2024-03-06 17:17:22', NULL);
INSERT INTO reviews (review_id, login, medication_id, rating, review_text, review_date, secret) VALUES (2844091340304, 'cell_say@mail.ru', 7994367228463, 2, 'Зачем даль падаль спорт граница. Ночь мелочь второй сходить пересечь табак ребятишки.', '2024-09-26 21:17:38', NULL);
INSERT INTO reviews (review_id, login, medication_id, rating, review_text, review_date, secret) VALUES (1663850766725, 'offer_interview@yandex.ru', 8122313581266, 3, 'Направо лететь услать жидкий невыносимый дремать. Механический покинуть разнообразный отражение командование прошептать.', '2024-09-23 03:39:14', NULL);
INSERT INTO reviews (review_id, login, medication_id, rating, review_text, review_date, secret) VALUES (2360431066234, 'turn_assume@yahoo.com', 963195318094, 1, 'Манера район порядок. Коричневый о человечек факультет следовательно. Выражение сопровождаться тюрьма потрясти мелочь.', '2024-05-01 22:21:57', NULL);
INSERT INTO reviews (review_id, login, medication_id, rating, review_text, review_date, secret) VALUES (4233156660668, 'force_job@yandex.ru', 8686364349942, 5, 'Цепочка картинка уничтожение число. Соответствие школьный степь крутой бригада хозяйка граница поздравлять.', '2024-04-08 23:29:13', NULL);
INSERT INTO reviews (review_id, login, medication_id, rating, review_text, review_date, secret) VALUES (6426702407987, 'look_provide@mail.ru', 8542443371542, 5, 'Госпожа девка добиться. Коммунизм пространство изредка. Князь еврейский бегать трубка.', '2024-11-29 13:24:42', NULL);
INSERT INTO reviews (review_id, login, medication_id, rating, review_text, review_date, secret) VALUES (5377434482067, 'trade_a@hotmail.com', 1808395804758, 3, 'Магазин полюбить доставать вытаскивать висеть новый. Бок картинка отражение упор. Космос академик ход совещание дорогой бок.', '2024-10-05 15:49:07', NULL);
INSERT INTO reviews (review_id, login, medication_id, rating, review_text, review_date, secret) VALUES (137740801229, 'discussion_toward@gmail.com', 2441798980149, 0, 'Растеряться вывести передо призыв танцевать. Порог научить висеть разводить заведение сопровождаться девка.', '2024-11-06 16:12:42', NULL);
INSERT INTO reviews (review_id, login, medication_id, rating, review_text, review_date, secret) VALUES (7252999973268, 'politics_not@gmail.com', 6632208974148, 5, 'Потянуться указанный грудь полоска возбуждение. Торопливый юный витрина торопливый. Металл салон угол поздравлять порядок выраженный.', '2024-12-14 06:33:14', NULL);
INSERT INTO reviews (review_id, login, medication_id, rating, review_text, review_date, secret) VALUES (3281299970558, 'country_sport@gmail.com', 3195602511249, 2, 'Рис засунуть возможно механический один.', '2024-09-04 01:57:28', NULL);
INSERT INTO reviews (review_id, login, medication_id, rating, review_text, review_date, secret) VALUES (9038213456544, 'still_member@yandex.ru', 1010237165884, 1, 'Вариант премьера волк рис скользить. Передо ученый кольцо. Растеряться непривычный слать дрогнуть.', '2024-08-30 21:20:45', NULL);
INSERT INTO reviews (review_id, login, medication_id, rating, review_text, review_date, secret) VALUES (8673554922320, 'politics_worry@hotmail.com', 4918702754069, 3, 'Выбирать болото доставать висеть. Деньги а палка витрина.', '2024-01-29 03:29:06', NULL);
INSERT INTO reviews (review_id, login, medication_id, rating, review_text, review_date, secret) VALUES (4473838312946, 'performance_receive@yandex.ru', 1626338570283, 1, 'Набор ложиться более присесть решетка триста решетка. Карман функция правление прошептать. Угроза триста чувство важный экзамен потянуться.', '2024-05-12 00:52:39', NULL);
INSERT INTO reviews (review_id, login, medication_id, rating, review_text, review_date, secret) VALUES (1657508521781, 'rise_not@yandex.ru', 494523480713, 2, 'Счастье порт парень пропасть сохранять шлем да. Бочок растеряться задержать спорт предоставить мягкий степь.', '2024-12-13 10:56:19', NULL);
INSERT INTO reviews (review_id, login, medication_id, rating, review_text, review_date, secret) VALUES (6882729959906, 'society_can@mail.ru', 8480820546308, 4, 'Карандаш дрогнуть отметить волк блин.Вперед палата порядок выражаться около. Деловой левый ребятишки задрать кузнец сравнение плясать.', '2024-12-28 10:16:46', NULL);
INSERT INTO reviews (review_id, login, medication_id, rating, review_text, review_date, secret) VALUES (6541527472801, 'force_job@yandex.ru', 8542443371542, 2, 'Коммунизм зеленый мгновение ночь стакан оставить отметить единый. Пятеро избегать пересечь поймать.', '2024-06-15 15:55:17', NULL);
INSERT INTO reviews (review_id, login, medication_id, rating, review_text, review_date, secret) VALUES (3562517912407, 'former_number@hotmail.com', 2155014216720, 1, 'Упорно означать смелый дружно. Доставать оставить слишком. Сомнительный лапа ответить постоянный эпоха.', '2024-11-17 00:59:37', NULL);
INSERT INTO reviews (review_id, login, medication_id, rating, review_text, review_date, secret) VALUES (7180261282148, 'look_provide@mail.ru', 8542443371542, 1, 'Страсть бегать задрать. Сустав доставать счастье демократия возбуждение штаб. Снимать степь засунуть степь а.', '2024-03-31 09:34:52', NULL);
INSERT INTO reviews (review_id, login, medication_id, rating, review_text, review_date, secret) VALUES (9149846400689, 'save_including@mail.ru', 4325349839378, 5, 'Танцевать зеленый горький изучить бочок издали хотеть. Хлеб банда успокоиться что провинция. Сутки рассуждение жить возмутиться руководитель.', '2024-07-13 09:01:32', NULL);
INSERT INTO reviews (review_id, login, medication_id, rating, review_text, review_date, secret) VALUES (4440579391493, 'together_impact@yandex.ru', 9675065599687, 3, 'Вскинуть деньги решетка посидеть. Постоянный что угол скрытый разводить затянуться.', '2024-02-25 04:03:18', NULL);
INSERT INTO reviews (review_id, login, medication_id, rating, review_text, review_date, secret) VALUES (8538944372355, 'single_party@gmail.com', 1149250986975, 2, 'Неправда изба правление направо оставить подробность издали что. Подробность терапия носок приятель князь сверкать видимо.', '2024-05-24 04:17:45', NULL);
INSERT INTO reviews (review_id, login, medication_id, rating, review_text, review_date, secret) VALUES (6662422696984, 'claim_baby@gmail.com', 9871790279638, 2, 'Вообще вперед протягивать плавно голубчик одиннадцать запеть. Головной единый более инвалид. Видимо торопливый поезд тусклый вздрагивать достоинство.', '2024-12-15 15:17:56', NULL);
INSERT INTO reviews (review_id, login, medication_id, rating, review_text, review_date, secret) VALUES (4563976389105, 'agree_side@hotmail.com', 7355040264060, 3, 'Висеть свежий место спичка академик мелькнуть выбирать. Фонарик спешить палата назначить.', '2024-08-06 14:00:08', NULL);
INSERT INTO reviews (review_id, login, medication_id, rating, review_text, review_date, secret) VALUES (9201495970538, 'cell_say@mail.ru', 2725555492725, 3, 'Задрать головка реклама господь. Выражение мгновение пробовать салон полевой танцевать. Достоинство рот за механический упорно.', '2024-03-15 17:13:36', NULL);
INSERT INTO reviews (review_id, login, medication_id, rating, review_text, review_date, secret) VALUES (403992004603, 'stop_hospital@mail.ru', 3677991389901, 1, 'Намерение бегать цель девка наслаждение стакан. Спичка наступать оборот граница неправда прелесть падаль. Новый ход невыносимый кожа.', '2024-08-14 00:33:15', NULL);
INSERT INTO reviews (review_id, login, medication_id, rating, review_text, review_date, secret) VALUES (8899266676263, 'nature_stay@gmail.com', 3907918037852, 3, 'Руководитель бочок кожа чем. Более тута наступать поставить ломать художественный. Интеллектуальный академик бабочка медицина доставать.', '2024-07-08 06:09:41', NULL);
INSERT INTO reviews (review_id, login, medication_id, rating, review_text, review_date, secret) VALUES (5088247142672, 'blue_treatment@yahoo.com', 4147007146785, 2, 'Построить блин прежде желание затянуться. Скрытый кпсс направо поезд дьявол секунда.', '2024-07-24 19:23:17', NULL);
INSERT INTO reviews (review_id, login, medication_id, rating, review_text, review_date, secret) VALUES (8957818412339, 'offer_interview@yandex.ru', 1582679698683, 1, 'Тюрьма налоговый очутиться. Страсть что миг. Основание серьезный лететь тюрьма пространство девка карандаш.', '2024-05-12 14:57:39', NULL);
INSERT INTO reviews (review_id, login, medication_id, rating, review_text, review_date, secret) VALUES (2800735740671, 'tonight_animal@gmail.com', 3536637222845, 4, 'Палка карандаш роскошный снимать прелесть обида через. Провинция болото рота остановить. Пробовать ломать решение ярко.', '2024-12-24 07:21:12', NULL);
INSERT INTO reviews (review_id, login, medication_id, rating, review_text, review_date, secret) VALUES (916886109631, 'offer_interview@yandex.ru', 3536637222845, 2, 'Плод шлем единый слать. Рай пропасть ход возникновение левый задержать разводить указанный. Налево развитый деньги что провал.', '2024-05-07 10:46:23', NULL);
INSERT INTO reviews (review_id, login, medication_id, rating, review_text, review_date, secret) VALUES (4828250578911, 'artist_card@gmail.com', 3581802080560, 1, 'Уточнить развитый граница монета. Сынок пасть юный сбросить второй бочок.Славный неправда вперед правильный обида тяжелый.', '2024-06-04 00:08:17', NULL);
INSERT INTO reviews (review_id, login, medication_id, rating, review_text, review_date, secret) VALUES (4104668786194, 'country_sport@gmail.com', 2725555492725, 1, 'Ботинок адвокат миф девка число. Головка правление заявление дружно издали. Секунда наткнуться передо рай угодный полоска.', '2024-08-19 03:46:01', NULL);
INSERT INTO reviews (review_id, login, medication_id, rating, review_text, review_date, secret) VALUES (1765889069751, 'stop_hospital@mail.ru', 5865833355070, 4, 'Товар кпсс казнь головка. Вскинуть грустный падаль запеть инфекция. Основание торопливый мальчишка упорно проход ягода.', '2024-07-15 07:23:13', NULL);
INSERT INTO reviews (review_id, login, medication_id, rating, review_text, review_date, secret) VALUES (9826950085864, 'test_difficult@yahoo.com', 6540007826219, 0, 'Казнь скрытый трубка снимать команда. Шлем палка налоговый через неожиданный присесть человечек.', '2024-03-06 22:05:00', NULL);
INSERT INTO reviews (review_id, login, medication_id, rating, review_text, review_date, secret) VALUES (99606990372, 'offer_interview@yandex.ru', 6503467626157, 1, 'Монета услать спешить бабочка полоска порода заявление ремень.Следовательно левый пространство инфекция славный вздрогнуть.', '2024-10-30 11:04:48', NULL);
INSERT INTO reviews (review_id, login, medication_id, rating, review_text, review_date, secret) VALUES (830474228873, 'together_impact@yandex.ru', 8299244992925, 0, 'Ложиться отражение сбросить казнь налоговый банда затянуться. Прежний монета увеличиваться ныне палка. Собеседник недостаток приходить сынок.', '2024-03-05 20:23:30', NULL);
INSERT INTO reviews (review_id, login, medication_id, rating, review_text, review_date, secret) VALUES (7192288110403, 'answer_wrong@yahoo.com', 6540007826219, 2, 'Вряд район применяться райком покидать.', '2024-06-12 02:34:12', NULL);
INSERT INTO reviews (review_id, login, medication_id, rating, review_text, review_date, secret) VALUES (2317786993210, 'research_employee@rambler.ru', 7652567101015, 2, 'Аж лапа еврейский голубчик ягода экзамен. Вариант освободить манера выражение бровь славный полностью нервно.', '2024-05-27 07:30:26', NULL);
INSERT INTO reviews (review_id, login, medication_id, rating, review_text, review_date, secret) VALUES (2885286882964, 'save_including@mail.ru', 2441798980149, 3, 'Смелый заложить хотеть второй низкий. Очко тюрьма расстройство командование пятеро.', '2024-10-06 03:45:05', NULL);
INSERT INTO reviews (review_id, login, medication_id, rating, review_text, review_date, secret) VALUES (8911523761236, 'much_perhaps@mail.ru', 5018903477237, 0, 'Деловой покидать выражение багровый руководитель очередной. Покинуть кидать сынок строительство. Неправда аж казнь дурацкий.', '2024-01-02 23:52:02', NULL);
INSERT INTO reviews (review_id, login, medication_id, rating, review_text, review_date, secret) VALUES (8846104731943, 'require_adult@mail.ru', 8150626503071, 5, 'Изучить житель грустный ленинград. Выгнать выраженный товар назначить. Граница плод приличный пропаганда степь дрогнуть поезд спешить.', '2024-02-08 21:19:56', NULL);
INSERT INTO reviews (review_id, login, medication_id, rating, review_text, review_date, secret) VALUES (6621727249196, 'fish_growth@hotmail.com', 6606171620715, 1, 'Один применяться угол премьера карман. Командующий адвокат идея свежий указанный.', '2024-07-02 06:21:36', NULL);
INSERT INTO reviews (review_id, login, medication_id, rating, review_text, review_date, secret) VALUES (2438824402652, 'future_back@gmail.com', 9604306140623, 3, 'Оставить волк карандаш рота дорогой вытаскивать демократия. Порог торговля скользить разнообразный военный.', '2024-12-12 12:37:53', NULL);
INSERT INTO reviews (review_id, login, medication_id, rating, review_text, review_date, secret) VALUES (7468016820839, 'laugh_either@mail.ru', 9319849608249, 5, 'Рабочий пропаганда бабочка скрытый ломать прошептать степь.', '2024-01-07 17:16:17', NULL);
INSERT INTO reviews (review_id, login, medication_id, rating, review_text, review_date, secret) VALUES (2587859535290, 'gas_else@rambler.ru', 9085648131973, 5, 'Куча встать сохранять миф зима.', '2024-09-26 23:31:30', NULL);
INSERT INTO reviews (review_id, login, medication_id, rating, review_text, review_date, secret) VALUES (3912501674123, 'turn_assume@yahoo.com', 2801855706417, 0, 'Холодно ремень поймать близко факультет хлеб необычный. Невозможно поздравлять инвалид умолять горький. Идея даль граница.', '2024-07-01 22:33:33', NULL);
INSERT INTO reviews (review_id, login, medication_id, rating, review_text, review_date, secret) VALUES (7752782130125, 'establish_trip@rambler.ru', 4945910028750, 3, 'Трубка горький князь подробность. Ставить изображать выгнать войти витрина светило.', '2024-11-23 03:46:23', NULL);
INSERT INTO reviews (review_id, login, medication_id, rating, review_text, review_date, secret) VALUES (792197923186, 'stay_hospital@yahoo.com', 7686925653496, 5, 'Трясти направо скользить через необычный металл голубчик. Чем понятный школьный адвокат. Манера поздравлять мусор жить подробность обида.', '2024-07-17 07:17:26', NULL);
INSERT INTO reviews (review_id, login, medication_id, rating, review_text, review_date, secret) VALUES (6531456099439, 'evening_describe@rambler.ru', 8122313581266, 2, 'Степь ночь некоторый неожиданно число сопровождаться жидкий точно. Чувство забирать порода райком куча задрать.', '2024-01-29 09:20:33', NULL);
INSERT INTO reviews (review_id, login, medication_id, rating, review_text, review_date, secret) VALUES (5502350470595, 'central_year@gmail.com', 8164673169357, 1, 'Пробовать дьявол при художественный пропадать. Страсть протягивать мелькнуть прежде.', '2024-10-16 06:25:42', NULL);
INSERT INTO reviews (review_id, login, medication_id, rating, review_text, review_date, secret) VALUES (5614174946221, 'future_central@gmail.com', 4918702754069, 4, 'Горький торопливый разводить. Через зачем тюрьма поздравлять. Трясти о применяться спасть художественный отдел блин. Какой идея факультет нервно.', '2024-04-07 05:12:57', NULL);
INSERT INTO reviews (review_id, login, medication_id, rating, review_text, review_date, secret) VALUES (5725148251828, 'nature_stay@gmail.com', 4646927788414, 4, 'Вряд ход актриса терапия недостаток. Салон возможно понятный социалистический жестокий заведение. Набор за райком слишком.', '2024-12-09 16:00:15', NULL);
INSERT INTO reviews (review_id, login, medication_id, rating, review_text, review_date, secret) VALUES (3907480712614, 'wish_seven@hotmail.com', 1149250986975, 0, 'Возникновение чувство эпоха природа. Князь деньги выкинуть роса ученый. Запустить академик задержать упорно.', '2024-08-18 11:13:42', NULL);
INSERT INTO reviews (review_id, login, medication_id, rating, review_text, review_date, secret) VALUES (5782174996925, 'society_can@mail.ru', 8985866679787, 5, 'Очко полоска пропасть полевой уронить угроза. Направо сомнительный господь плавно передо аллея.', '2024-08-31 14:22:29', NULL);
INSERT INTO reviews (review_id, login, medication_id, rating, review_text, review_date, secret) VALUES (7532611043235, 'stay_hospital@yahoo.com', 2725555492725, 3, 'Издали болото зарплата тусклый наступать. Спорт видимо горький свежий прошептать бетонный сопровождаться.', '2024-05-27 09:35:29', NULL);
INSERT INTO reviews (review_id, login, medication_id, rating, review_text, review_date, secret) VALUES (6399742198002, 'country_sport@gmail.com', 2155014216720, 1, 'Голубчик темнеть заявление триста бочок настать блин. Вообще изба способ бочок очутиться помолчать тысяча.', '2024-07-14 21:29:23', NULL);
INSERT INTO reviews (review_id, login, medication_id, rating, review_text, review_date, secret) VALUES (481574447352, 'together_impact@yandex.ru', 2639137148675, 3, 'Конференция торговля сбросить появление аж прощение гулять потянуться. Приличный изредка поставить руководитель деньги.', '2024-06-02 17:46:26', NULL);
INSERT INTO reviews (review_id, login, medication_id, rating, review_text, review_date, secret) VALUES (4620394832740, 'stop_hospital@mail.ru', 7686925653496, 1, 'Правление волк запретить стакан. Изменение развитый приходить пасть покидать полностью.', '2024-06-30 09:45:17', NULL);
INSERT INTO reviews (review_id, login, medication_id, rating, review_text, review_date, secret) VALUES (3213599710862, 'offer_interview@yandex.ru', 4106572942406, 2, 'Провал счастье тусклый добиться о естественный вперед. Носок пол бок неправда.Хозяйка сравнение возбуждение.', '2024-06-04 20:30:51', NULL);
INSERT INTO reviews (review_id, login, medication_id, rating, review_text, review_date, secret) VALUES (8439915323232, 'test_difficult@yahoo.com', 8944397431400, 1, 'Заложить наступать оборот правый ботинок издали возмутиться стакан. Решетка инструкция мусор металл куча ход. Совет прежний космос сверкать.', '2024-04-19 10:42:13', NULL);


--
INSERT INTO pharmacy_medications (pharmacy_id, medication_id, price, stock, secret) VALUES (4137356517374, 2274433824283, 296.62, 69, NULL);
INSERT INTO pharmacy_medications (pharmacy_id, medication_id, price, stock, secret) VALUES (4197333400891, 9871790279638, 669.7, 66, NULL);
INSERT INTO pharmacy_medications (pharmacy_id, medication_id, price, stock, secret) VALUES (2544229517034, 6221439683747, 763.85, 5, NULL);
INSERT INTO pharmacy_medications (pharmacy_id, medication_id, price, stock, secret) VALUES (9396793378343, 3332893871168, 820.16, 89, NULL);
INSERT INTO pharmacy_medications (pharmacy_id, medication_id, price, stock, secret) VALUES (4222084253202, 7652567101015, 964.03, 36, NULL);
INSERT INTO pharmacy_medications (pharmacy_id, medication_id, price, stock, secret) VALUES (6636574674602, 955476690036, 442.86, 50, NULL);
INSERT INTO pharmacy_medications (pharmacy_id, medication_id, price, stock, secret) VALUES (1412660621133, 1331261452451, 206.44, 38, NULL);
INSERT INTO pharmacy_medications (pharmacy_id, medication_id, price, stock, secret) VALUES (2343437744764, 955476690036, 849.93, 28, NULL);
INSERT INTO pharmacy_medications (pharmacy_id, medication_id, price, stock, secret) VALUES (4222084253202, 7093999219303, 180.68, 2, NULL);
INSERT INTO pharmacy_medications (pharmacy_id, medication_id, price, stock, secret) VALUES (8434538420269, 8471714931782, 801.91, 91, NULL);
INSERT INTO pharmacy_medications (pharmacy_id, medication_id, price, stock, secret) VALUES (2054429043719, 3581802080560, 920.69, 48, NULL);
INSERT INTO pharmacy_medications (pharmacy_id, medication_id, price, stock, secret) VALUES (9568159474499, 6788584732718, 365.22, 53, NULL);
INSERT INTO pharmacy_medications (pharmacy_id, medication_id, price, stock, secret) VALUES (318919115341, 5865833355070, 780.98, 49, NULL);
INSERT INTO pharmacy_medications (pharmacy_id, medication_id, price, stock, secret) VALUES (1525304571203, 8818500439754, 419.04, 38, NULL);
INSERT INTO pharmacy_medications (pharmacy_id, medication_id, price, stock, secret) VALUES (5983079605206, 2073117195387, 563.41, 53, NULL);
INSERT INTO pharmacy_medications (pharmacy_id, medication_id, price, stock, secret) VALUES (1412660621133, 7093999219303, 643.86, 26, NULL);
INSERT INTO pharmacy_medications (pharmacy_id, medication_id, price, stock, secret) VALUES (190924490428, 4772793456130, 535.24, 66, NULL);
INSERT INTO pharmacy_medications (pharmacy_id, medication_id, price, stock, secret) VALUES (6582493441194, 7683998840723, 897.1, 42, NULL);
INSERT INTO pharmacy_medications (pharmacy_id, medication_id, price, stock, secret) VALUES (7390655814200, 9871790279638, 578.8, 78, NULL);
INSERT INTO pharmacy_medications (pharmacy_id, medication_id, price, stock, secret) VALUES (2124505907225, 7431754363043, 183.75, 18, NULL);
INSERT INTO pharmacy_medications (pharmacy_id, medication_id, price, stock, secret) VALUES (1427150322506, 6923605958924, 985.46, 31, NULL);
INSERT INTO pharmacy_medications (pharmacy_id, medication_id, price, stock, secret) VALUES (6518656589939, 8164673169357, 162.94, 70, NULL);
INSERT INTO pharmacy_medications (pharmacy_id, medication_id, price, stock, secret) VALUES (4173562057938, 1149250986975, 871.11, 99, NULL);
INSERT INTO pharmacy_medications (pharmacy_id, medication_id, price, stock, secret) VALUES (3590711535597, 8944397431400, 299.53, 75, NULL);
INSERT INTO pharmacy_medications (pharmacy_id, medication_id, price, stock, secret) VALUES (9166865967900, 5018903477237, 676.28, 92, NULL);
INSERT INTO pharmacy_medications (pharmacy_id, medication_id, price, stock, secret) VALUES (8644385809050, 6848728578098, 245.18, 15, NULL);
INSERT INTO pharmacy_medications (pharmacy_id, medication_id, price, stock, secret) VALUES (5983079605206, 8480820546308, 55.94, 37, NULL);
INSERT INTO pharmacy_medications (pharmacy_id, medication_id, price, stock, secret) VALUES (4004989659590, 1626338570283, 406.3, 41, NULL);
INSERT INTO pharmacy_medications (pharmacy_id, medication_id, price, stock, secret) VALUES (2645894338648, 6092491803332, 980.4, 69, NULL);
INSERT INTO pharmacy_medications (pharmacy_id, medication_id, price, stock, secret) VALUES (5908528513598, 4325349839378, 679.42, 98, NULL);
INSERT INTO pharmacy_medications (pharmacy_id, medication_id, price, stock, secret) VALUES (7294544826858, 2073117195387, 43.47, 33, NULL);
INSERT INTO pharmacy_medications (pharmacy_id, medication_id, price, stock, secret) VALUES (4523076094286, 1913714493558, 542.08, 38, NULL);
INSERT INTO pharmacy_medications (pharmacy_id, medication_id, price, stock, secret) VALUES (190924490428, 7686925653496, 405.29, 42, NULL);
INSERT INTO pharmacy_medications (pharmacy_id, medication_id, price, stock, secret) VALUES (4137356517374, 955476690036, 758.35, 73, NULL);
INSERT INTO pharmacy_medications (pharmacy_id, medication_id, price, stock, secret) VALUES (2645894338648, 3332893871168, 377.1, 1, NULL);
INSERT INTO pharmacy_medications (pharmacy_id, medication_id, price, stock, secret) VALUES (2507361014106, 7009348658808, 389.9, 52, NULL);
INSERT INTO pharmacy_medications (pharmacy_id, medication_id, price, stock, secret) VALUES (7621305103123, 5713617871240, 840.87, 11, NULL);
INSERT INTO pharmacy_medications (pharmacy_id, medication_id, price, stock, secret) VALUES (839620072209, 364003615631, 236.73, 49, NULL);
INSERT INTO pharmacy_medications (pharmacy_id, medication_id, price, stock, secret) VALUES (3078767008819, 2274433824283, 406.18, 68, NULL);
INSERT INTO pharmacy_medications (pharmacy_id, medication_id, price, stock, secret) VALUES (5700065771796, 2801855706417, 508.58, 84, NULL);
INSERT INTO pharmacy_medications (pharmacy_id, medication_id, price, stock, secret) VALUES (5087312934709, 6609015285552, 480.98, 31, NULL);
INSERT INTO pharmacy_medications (pharmacy_id, medication_id, price, stock, secret) VALUES (8374956321925, 7683998840723, 467.18, 72, NULL);
INSERT INTO pharmacy_medications (pharmacy_id, medication_id, price, stock, secret) VALUES (9568159474499, 8686364349942, 514.79, 67, NULL);
INSERT INTO pharmacy_medications (pharmacy_id, medication_id, price, stock, secret) VALUES (7656412026751, 2073117195387, 424.81, 1, NULL);
INSERT INTO pharmacy_medications (pharmacy_id, medication_id, price, stock, secret) VALUES (2366839477368, 5720774961301, 249.63, 5, NULL);
INSERT INTO pharmacy_medications (pharmacy_id, medication_id, price, stock, secret) VALUES (6983368898424, 2073117195387, 633.11, 37, NULL);
INSERT INTO pharmacy_medications (pharmacy_id, medication_id, price, stock, secret) VALUES (2645894338648, 8164673169357, 298.08, 88, NULL);
INSERT INTO pharmacy_medications (pharmacy_id, medication_id, price, stock, secret) VALUES (4919111892151, 1473092944337, 549.13, 79, NULL);
INSERT INTO pharmacy_medications (pharmacy_id, medication_id, price, stock, secret) VALUES (6322965699940, 1808395804758, 679.07, 85, NULL);
INSERT INTO pharmacy_medications (pharmacy_id, medication_id, price, stock, secret) VALUES (2124505907225, 3581802080560, 844.4, 96, NULL);
INSERT INTO pharmacy_medications (pharmacy_id, medication_id, price, stock, secret) VALUES (8911940994613, 1010237165884, 981.66, 94, NULL);
INSERT INTO pharmacy_medications (pharmacy_id, medication_id, price, stock, secret) VALUES (357557729671, 7093999219303, 824.9, 35, NULL);
INSERT INTO pharmacy_medications (pharmacy_id, medication_id, price, stock, secret) VALUES (1427150322506, 955476690036, 912.25, 35, NULL);
INSERT INTO pharmacy_medications (pharmacy_id, medication_id, price, stock, secret) VALUES (6322965699940, 9604306140623, 364.33, 25, NULL);
INSERT INTO pharmacy_medications (pharmacy_id, medication_id, price, stock, secret) VALUES (7458105374343, 4918702754069, 564.42, 78, NULL);
INSERT INTO pharmacy_medications (pharmacy_id, medication_id, price, stock, secret) VALUES (9688084697876, 1913714493558, 51.46, 6, NULL);
INSERT INTO pharmacy_medications (pharmacy_id, medication_id, price, stock, secret) VALUES (9568159474499, 5720774961301, 484.82, 63, NULL);
INSERT INTO pharmacy_medications (pharmacy_id, medication_id, price, stock, secret) VALUES (8631947600774, 5511703997726, 262.03, 38, NULL);
INSERT INTO pharmacy_medications (pharmacy_id, medication_id, price, stock, secret) VALUES (2507361014106, 6503467626157, 194.58, 6, NULL);
INSERT INTO pharmacy_medications (pharmacy_id, medication_id, price, stock, secret) VALUES (8317112220403, 6632208974148, 268.76, 16, NULL);
INSERT INTO pharmacy_medications (pharmacy_id, medication_id, price, stock, secret) VALUES (318919115341, 5511703997726, 887.04, 45, NULL);
INSERT INTO pharmacy_medications (pharmacy_id, medication_id, price, stock, secret) VALUES (853856417788, 8299244992925, 664.13, 4, NULL);
INSERT INTO pharmacy_medications (pharmacy_id, medication_id, price, stock, secret) VALUES (190924490428, 1149250986975, 910.47, 25, NULL);
INSERT INTO pharmacy_medications (pharmacy_id, medication_id, price, stock, secret) VALUES (1622137494348, 4918702754069, 501.24, 33, NULL);
INSERT INTO pharmacy_medications (pharmacy_id, medication_id, price, stock, secret) VALUES (5908528513598, 2913313311887, 707.77, 34, NULL);
INSERT INTO pharmacy_medications (pharmacy_id, medication_id, price, stock, secret) VALUES (2824803342451, 6632208974148, 203.86, 82, NULL);
INSERT INTO pharmacy_medications (pharmacy_id, medication_id, price, stock, secret) VALUES (3596155978860, 8471714931782, 640.06, 10, NULL);
INSERT INTO pharmacy_medications (pharmacy_id, medication_id, price, stock, secret) VALUES (5983079605206, 5511703997726, 701.63, 53, NULL);
INSERT INTO pharmacy_medications (pharmacy_id, medication_id, price, stock, secret) VALUES (6660738809524, 5720774961301, 693.49, 98, NULL);
INSERT INTO pharmacy_medications (pharmacy_id, medication_id, price, stock, secret) VALUES (2366839477368, 6788584732718, 722.64, 3, NULL);
INSERT INTO pharmacy_medications (pharmacy_id, medication_id, price, stock, secret) VALUES (2645894338648, 182582593757, 817.68, 59, NULL);
INSERT INTO pharmacy_medications (pharmacy_id, medication_id, price, stock, secret) VALUES (9354289390415, 3738924754743, 78.7, 51, NULL);
INSERT INTO pharmacy_medications (pharmacy_id, medication_id, price, stock, secret) VALUES (6653852045428, 1511746316519, 245.7, 59, NULL);
INSERT INTO pharmacy_medications (pharmacy_id, medication_id, price, stock, secret) VALUES (8631947600774, 8122313581266, 59.2, 43, NULL);
INSERT INTO pharmacy_medications (pharmacy_id, medication_id, price, stock, secret) VALUES (4807957972888, 2444240317937, 793.65, 31, NULL);
INSERT INTO pharmacy_medications (pharmacy_id, medication_id, price, stock, secret) VALUES (7286234627807, 3324674902963, 305.47, 83, NULL);
INSERT INTO pharmacy_medications (pharmacy_id, medication_id, price, stock, secret) VALUES (1412660621133, 6221439683747, 650.36, 22, NULL);
INSERT INTO pharmacy_medications (pharmacy_id, medication_id, price, stock, secret) VALUES (4197333400891, 7521495978092, 259.04, 35, NULL);
INSERT INTO pharmacy_medications (pharmacy_id, medication_id, price, stock, secret) VALUES (9396793378343, 1331261452451, 535.06, 4, NULL);
INSERT INTO pharmacy_medications (pharmacy_id, medication_id, price, stock, secret) VALUES (4004989659590, 1511746316519, 802.82, 37, NULL);
INSERT INTO pharmacy_medications (pharmacy_id, medication_id, price, stock, secret) VALUES (6959968529136, 2441798980149, 590.37, 72, NULL);
INSERT INTO pharmacy_medications (pharmacy_id, medication_id, price, stock, secret) VALUES (1761671953314, 9604306140623, 859.98, 51, NULL);
INSERT INTO pharmacy_medications (pharmacy_id, medication_id, price, stock, secret) VALUES (1761671953314, 1913714493558, 949.06, 22, NULL);
INSERT INTO pharmacy_medications (pharmacy_id, medication_id, price, stock, secret) VALUES (3078767008819, 8985866679787, 81.03, 66, NULL);
INSERT INTO pharmacy_medications (pharmacy_id, medication_id, price, stock, secret) VALUES (8950010123478, 1868301014886, 38.29, 76, NULL);
INSERT INTO pharmacy_medications (pharmacy_id, medication_id, price, stock, secret) VALUES (1521189899449, 9604306140623, 552.53, 91, NULL);
INSERT INTO pharmacy_medications (pharmacy_id, medication_id, price, stock, secret) VALUES (709868448367, 1473092944337, 225.39, 88, NULL);
INSERT INTO pharmacy_medications (pharmacy_id, medication_id, price, stock, secret) VALUES (4747771816091, 5713617871240, 689.87, 99, NULL);
INSERT INTO pharmacy_medications (pharmacy_id, medication_id, price, stock, secret) VALUES (4222084253202, 2435829953509, 344.82, 38, NULL);
INSERT INTO pharmacy_medications (pharmacy_id, medication_id, price, stock, secret) VALUES (4246407091982, 6092491803332, 45.84, 53, NULL);
INSERT INTO pharmacy_medications (pharmacy_id, medication_id, price, stock, secret) VALUES (1525304571203, 9319849608249, 413.98, 31, NULL);
INSERT INTO pharmacy_medications (pharmacy_id, medication_id, price, stock, secret) VALUES (2366839477368, 4772793456130, 394.82, 25, NULL);
INSERT INTO pharmacy_medications (pharmacy_id, medication_id, price, stock, secret) VALUES (6868560944493, 7652567101015, 257.24, 7, NULL);
INSERT INTO pharmacy_medications (pharmacy_id, medication_id, price, stock, secret) VALUES (3514644488294, 7683998840723, 29.81, 19, NULL);
INSERT INTO pharmacy_medications (pharmacy_id, medication_id, price, stock, secret) VALUES (190924490428, 8686364349942, 933.66, 75, NULL);
INSERT INTO pharmacy_medications (pharmacy_id, medication_id, price, stock, secret) VALUES (6322965699940, 3677991389901, 930.54, 21, NULL);
INSERT INTO pharmacy_medications (pharmacy_id, medication_id, price, stock, secret) VALUES (6322965699940, 1708264394130, 734.76, 73, NULL);
INSERT INTO pharmacy_medications (pharmacy_id, medication_id, price, stock, secret) VALUES (3078767008819, 9319849608249, 189.57, 54, NULL);
INSERT INTO pharmacy_medications (pharmacy_id, medication_id, price, stock, secret) VALUES (8374956321925, 4302582148597, 77.81, 55, NULL);


--
INSERT INTO orders (order_id, login, order_date, status, secret) VALUES (6880386253337, 'three_manager@hotmail.com', '2024-03-03 00:49:16', 'В обработке', NULL);
INSERT INTO orders (order_id, login, order_date, status, secret) VALUES (1943163194621, 'according_space@rambler.ru', '2024-10-21 17:54:49', 'Застрял', NULL);
INSERT INTO orders (order_id, login, order_date, status, secret) VALUES (6285708045995, 'now_space@mail.ru', '2024-11-21 15:30:06', 'В обработке', NULL);
INSERT INTO orders (order_id, login, order_date, status, secret) VALUES (9042006000906, 'research_employee@rambler.ru', '2024-01-15 05:07:00', 'Неизвестно', NULL);
INSERT INTO orders (order_id, login, order_date, status, secret) VALUES (7069297475567, 'answer_wrong@yahoo.com', '2024-09-07 16:14:00', 'Застрял', NULL);
INSERT INTO orders (order_id, login, order_date, status, secret) VALUES (4593446316638, 'stop_hospital@mail.ru', '2024-08-30 22:04:39', 'В обработке', NULL);
INSERT INTO orders (order_id, login, order_date, status, secret) VALUES (655909840099, 'stop_hospital@mail.ru', '2024-12-11 10:46:29', 'Доставлен', NULL);
INSERT INTO orders (order_id, login, order_date, status, secret) VALUES (1040778750492, 'water_system@yandex.ru', '2024-02-23 09:33:50', 'Неизвестно', NULL);
INSERT INTO orders (order_id, login, order_date, status, secret) VALUES (9572306991333, 'action_defense@rambler.ru', '2024-09-30 04:16:40', 'Потерян', NULL);
INSERT INTO orders (order_id, login, order_date, status, secret) VALUES (2645429879615, 'especially_appear@mail.ru', '2024-08-30 02:42:21', 'Потерян', NULL);
INSERT INTO orders (order_id, login, order_date, status, secret) VALUES (7155292190588, 'water_system@yandex.ru', '2024-02-13 01:15:44', 'Потерян', NULL);
INSERT INTO orders (order_id, login, order_date, status, secret) VALUES (7248557768377, 'trade_a@hotmail.com', '2024-11-27 22:20:39', 'В обработке', NULL);
INSERT INTO orders (order_id, login, order_date, status, secret) VALUES (9285317125351, 'star_reduce@yahoo.com', '2024-04-03 07:00:34', 'Потерян', NULL);
INSERT INTO orders (order_id, login, order_date, status, secret) VALUES (4074443871462, 'energy_offer@rambler.ru', '2024-06-24 19:12:28', 'Доставлен', NULL);
INSERT INTO orders (order_id, login, order_date, status, secret) VALUES (6253055187194, 'identify_power@mail.ru', '2024-06-20 14:13:56', 'Потерян', NULL);
INSERT INTO orders (order_id, login, order_date, status, secret) VALUES (4149680811233, 'politics_worry@hotmail.com', '2024-09-26 08:16:34', 'В обработке', NULL);
INSERT INTO orders (order_id, login, order_date, status, secret) VALUES (9899509698433, 'decision_especially@mail.ru', '2024-11-18 14:36:17', 'Застрял', NULL);
INSERT INTO orders (order_id, login, order_date, status, secret) VALUES (7636652955424, 'stay_hospital@yahoo.com', '2024-04-12 22:17:53', 'Потерян', NULL);
INSERT INTO orders (order_id, login, order_date, status, secret) VALUES (4909902528178, 'laugh_either@mail.ru', '2024-04-20 00:49:16', 'Доставлен', NULL);
INSERT INTO orders (order_id, login, order_date, status, secret) VALUES (1830379906257, 'establish_trip@rambler.ru', '2024-05-31 18:02:51', 'Застрял', NULL);
INSERT INTO orders (order_id, login, order_date, status, secret) VALUES (9586107214386, 'environment_list@yandex.ru', '2024-12-05 20:30:56', 'В обработке', NULL);
INSERT INTO orders (order_id, login, order_date, status, secret) VALUES (7189625498003, 'nice_team@hotmail.com', '2024-04-18 08:41:22', 'В обработке', NULL);
INSERT INTO orders (order_id, login, order_date, status, secret) VALUES (2220118335384, 'tonight_animal@gmail.com', '2024-01-28 10:30:49', 'Застрял', NULL);
INSERT INTO orders (order_id, login, order_date, status, secret) VALUES (154445747997, 'other_computer@yahoo.com', '2024-12-07 07:01:05', 'Доставлен', NULL);
INSERT INTO orders (order_id, login, order_date, status, secret) VALUES (8080209255540, 'itself_practice@gmail.com', '2024-08-06 18:26:03', 'Отправлен', NULL);
INSERT INTO orders (order_id, login, order_date, status, secret) VALUES (977733214878, 'administration_state@yahoo.com', '2024-12-11 10:07:36', 'Застрял', NULL);
INSERT INTO orders (order_id, login, order_date, status, secret) VALUES (9557587463663, 'evening_describe@rambler.ru', '2024-10-27 07:35:01', 'Потерян', NULL);
INSERT INTO orders (order_id, login, order_date, status, secret) VALUES (8130145956602, 'amount_indicate@rambler.ru', '2024-04-06 10:07:10', 'Отправлен', NULL);
INSERT INTO orders (order_id, login, order_date, status, secret) VALUES (5424745034796, 'water_system@yandex.ru', '2024-04-15 01:23:07', 'В обработке', NULL);
INSERT INTO orders (order_id, login, order_date, status, secret) VALUES (2622061762154, 'administration_hundred@yahoo.com', '2024-11-07 06:03:33', 'Потерян', NULL);
INSERT INTO orders (order_id, login, order_date, status, secret) VALUES (1643980819850, 'trade_a@hotmail.com', '2024-09-28 18:07:23', 'Потерян', NULL);
INSERT INTO orders (order_id, login, order_date, status, secret) VALUES (4597956527454, 'star_reduce@yahoo.com', '2024-10-21 19:43:52', 'Застрял', NULL);
INSERT INTO orders (order_id, login, order_date, status, secret) VALUES (8793003635936, 'administration_hundred@yahoo.com', '2024-10-08 02:30:09', 'В обработке', NULL);
INSERT INTO orders (order_id, login, order_date, status, secret) VALUES (7584772292335, 'trade_a@hotmail.com', '2024-01-17 08:44:48', 'Неизвестно', NULL);
INSERT INTO orders (order_id, login, order_date, status, secret) VALUES (1514882257791, 'wear_attorney@gmail.com', '2024-05-11 23:57:55', 'Доставлен', NULL);
INSERT INTO orders (order_id, login, order_date, status, secret) VALUES (5449549202, 'rise_not@yandex.ru', '2024-07-13 22:43:43', 'Застрял', NULL);
INSERT INTO orders (order_id, login, order_date, status, secret) VALUES (1505330331309, 'month_media@mail.ru', '2024-11-21 05:54:36', 'Доставлен', NULL);
INSERT INTO orders (order_id, login, order_date, status, secret) VALUES (5691379990686, 'now_space@mail.ru', '2024-03-29 10:36:42', 'Отправлен', NULL);
INSERT INTO orders (order_id, login, order_date, status, secret) VALUES (536084341277, 'future_back@gmail.com', '2024-11-22 00:29:20', 'Доставлен', NULL);
INSERT INTO orders (order_id, login, order_date, status, secret) VALUES (3194649929185, 'remember_again@rambler.ru', '2024-12-28 22:23:49', 'Неизвестно', NULL);
INSERT INTO orders (order_id, login, order_date, status, secret) VALUES (3708686720089, 'site_add@yahoo.com', '2024-08-15 23:09:49', 'Доставлен', NULL);
INSERT INTO orders (order_id, login, order_date, status, secret) VALUES (7984709562270, 'environment_list@yandex.ru', '2024-12-29 19:05:59', 'Неизвестно', NULL);
INSERT INTO orders (order_id, login, order_date, status, secret) VALUES (7061420433697, 'month_media@mail.ru', '2024-06-05 18:12:12', 'Потерян', NULL);
INSERT INTO orders (order_id, login, order_date, status, secret) VALUES (7457011654556, 'traditional_minute@gmail.com', '2024-10-15 13:11:37', 'Потерян', NULL);
INSERT INTO orders (order_id, login, order_date, status, secret) VALUES (4978235258328, 'population_meet@rambler.ru', '2024-01-08 15:47:01', 'Неизвестно', NULL);
INSERT INTO orders (order_id, login, order_date, status, secret) VALUES (8526760535221, 'data_very@yandex.ru', '2024-04-06 18:24:24', 'Доставлен', NULL);
INSERT INTO orders (order_id, login, order_date, status, secret) VALUES (6267884870714, 'performance_receive@yandex.ru', '2024-06-28 15:24:04', 'Отправлен', NULL);
INSERT INTO orders (order_id, login, order_date, status, secret) VALUES (3604266336414, 'operation_science@yahoo.com', '2024-10-04 19:37:53', 'Потерян', NULL);
INSERT INTO orders (order_id, login, order_date, status, secret) VALUES (2161354422721, 'former_number@hotmail.com', '2024-09-09 18:45:11', 'Потерян', NULL);
INSERT INTO orders (order_id, login, order_date, status, secret) VALUES (9212033098157, 'test_difficult@yahoo.com', '2024-04-07 13:23:14', 'Потерян', NULL);
INSERT INTO orders (order_id, login, order_date, status, secret) VALUES (762830621779, 'learn_number@hotmail.com', '2024-04-09 06:12:03', 'В обработке', NULL);
INSERT INTO orders (order_id, login, order_date, status, secret) VALUES (7229195198566, 'true_hot@yandex.ru', '2024-12-04 07:50:02', 'В обработке', NULL);
INSERT INTO orders (order_id, login, order_date, status, secret) VALUES (8973863195966, 'true_hot@yandex.ru', '2024-05-30 10:28:58', 'Неизвестно', NULL);
INSERT INTO orders (order_id, login, order_date, status, secret) VALUES (5320711209390, 'these_idea@mail.ru', '2024-08-07 02:39:37', 'Доставлен', NULL);
INSERT INTO orders (order_id, login, order_date, status, secret) VALUES (2798067080025, 'method_poor@yahoo.com', '2024-12-25 16:51:37', 'Неизвестно', NULL);
INSERT INTO orders (order_id, login, order_date, status, secret) VALUES (2304583538676, 'other_computer@yahoo.com', '2024-06-14 13:21:52', 'Отправлен', NULL);
INSERT INTO orders (order_id, login, order_date, status, secret) VALUES (5115761180818, 'data_very@yandex.ru', '2024-04-29 20:17:22', 'Доставлен', NULL);
INSERT INTO orders (order_id, login, order_date, status, secret) VALUES (629895735226, 'meet_act@mail.ru', '2024-03-01 07:03:00', 'Застрял', NULL);
INSERT INTO orders (order_id, login, order_date, status, secret) VALUES (4126410302384, 'force_job@yandex.ru', '2024-05-19 20:09:41', 'В обработке', NULL);
INSERT INTO orders (order_id, login, order_date, status, secret) VALUES (1143190388615, 'now_space@mail.ru', '2024-04-16 16:42:15', 'Доставлен', NULL);
INSERT INTO orders (order_id, login, order_date, status, secret) VALUES (3927231928262, 'long_other@gmail.com', '2024-01-01 02:43:58', 'Застрял', NULL);
INSERT INTO orders (order_id, login, order_date, status, secret) VALUES (4814367584211, 'three_manager@hotmail.com', '2024-12-23 15:38:18', 'В обработке', NULL);
INSERT INTO orders (order_id, login, order_date, status, secret) VALUES (6064954371801, 'these_idea@mail.ru', '2024-03-23 11:45:18', 'Доставлен', NULL);
INSERT INTO orders (order_id, login, order_date, status, secret) VALUES (4713856245995, 'better_try@mail.ru', '2024-03-09 23:12:10', 'Потерян', NULL);
INSERT INTO orders (order_id, login, order_date, status, secret) VALUES (1362007463189, 'action_defense@rambler.ru', '2024-09-03 19:23:24', 'Потерян', NULL);
INSERT INTO orders (order_id, login, order_date, status, secret) VALUES (1356646140334, 'ability_tend@rambler.ru', '2024-05-23 09:12:56', 'Неизвестно', NULL);
INSERT INTO orders (order_id, login, order_date, status, secret) VALUES (5537716917414, 'best_box@gmail.com', '2024-11-21 11:12:07', 'В обработке', NULL);
INSERT INTO orders (order_id, login, order_date, status, secret) VALUES (9309598964055, 'look_provide@mail.ru', '2024-08-08 12:38:25', 'Застрял', NULL);
INSERT INTO orders (order_id, login, order_date, status, secret) VALUES (2253608214159, 'seek_detail@mail.ru', '2024-01-06 17:35:03', 'Застрял', NULL);
INSERT INTO orders (order_id, login, order_date, status, secret) VALUES (246563995654, 'trade_lawyer@gmail.com', '2024-06-10 16:51:45', 'Потерян', NULL);
INSERT INTO orders (order_id, login, order_date, status, secret) VALUES (6462113865862, 'decision_especially@mail.ru', '2024-01-30 19:19:29', 'Неизвестно', NULL);
INSERT INTO orders (order_id, login, order_date, status, secret) VALUES (8878421430711, 'wish_seven@hotmail.com', '2024-03-08 20:43:20', 'Отправлен', NULL);
INSERT INTO orders (order_id, login, order_date, status, secret) VALUES (251060253145, 'remember_again@rambler.ru', '2024-11-07 21:51:02', 'Доставлен', NULL);
INSERT INTO orders (order_id, login, order_date, status, secret) VALUES (7332763421376, 'itself_practice@gmail.com', '2024-08-17 20:43:16', 'Неизвестно', NULL);
INSERT INTO orders (order_id, login, order_date, status, secret) VALUES (3092767111867, 'former_number@hotmail.com', '2024-05-24 18:33:58', 'Неизвестно', NULL);
INSERT INTO orders (order_id, login, order_date, status, secret) VALUES (3511009383324, 'strong_little@gmail.com', '2024-09-14 15:51:46', 'Потерян', NULL);
INSERT INTO orders (order_id, login, order_date, status, secret) VALUES (661988849243, 'administration_hundred@yahoo.com', '2024-03-19 04:10:24', 'Неизвестно', NULL);
INSERT INTO orders (order_id, login, order_date, status, secret) VALUES (4729568400102, 'method_poor@yahoo.com', '2024-08-05 16:34:57', 'Неизвестно', NULL);
INSERT INTO orders (order_id, login, order_date, status, secret) VALUES (6469829695073, 'look_provide@mail.ru', '2024-04-23 23:51:31', 'Отправлен', NULL);
INSERT INTO orders (order_id, login, order_date, status, secret) VALUES (6429394428445, 'politics_worry@hotmail.com', '2024-07-31 08:43:39', 'Застрял', NULL);
INSERT INTO orders (order_id, login, order_date, status, secret) VALUES (5851106792789, 'identify_power@mail.ru', '2024-09-14 09:01:14', 'Неизвестно', NULL);
INSERT INTO orders (order_id, login, order_date, status, secret) VALUES (4969603695975, 'economy_no@yahoo.com', '2024-03-01 18:46:42', 'Неизвестно', NULL);
INSERT INTO orders (order_id, login, order_date, status, secret) VALUES (4969540359336, 'society_can@mail.ru', '2024-05-28 16:52:07', 'Неизвестно', NULL);
INSERT INTO orders (order_id, login, order_date, status, secret) VALUES (9274451398134, 'gas_else@rambler.ru', '2024-06-01 14:10:40', 'Застрял', NULL);
INSERT INTO orders (order_id, login, order_date, status, secret) VALUES (1569505927087, 'performance_receive@yandex.ru', '2024-09-29 00:57:08', 'Неизвестно', NULL);
INSERT INTO orders (order_id, login, order_date, status, secret) VALUES (1398762486330, 'administration_hundred@yahoo.com', '2024-10-05 19:08:53', 'Доставлен', NULL);
INSERT INTO orders (order_id, login, order_date, status, secret) VALUES (3606044589890, 'decision_especially@mail.ru', '2024-06-12 09:01:31', 'Застрял', NULL);
INSERT INTO orders (order_id, login, order_date, status, secret) VALUES (208905131533, 'method_poor@yahoo.com', '2024-09-19 13:58:50', 'Отправлен', NULL);
INSERT INTO orders (order_id, login, order_date, status, secret) VALUES (2381331903689, 'population_meet@rambler.ru', '2024-09-15 20:48:14', 'Неизвестно', NULL);
INSERT INTO orders (order_id, login, order_date, status, secret) VALUES (2200884411178, 'according_space@rambler.ru', '2024-11-30 18:56:45', 'Отправлен', NULL);
INSERT INTO orders (order_id, login, order_date, status, secret) VALUES (5106392057129, 'our_major@mail.ru', '2024-04-01 09:13:20', 'Неизвестно', NULL);
INSERT INTO orders (order_id, login, order_date, status, secret) VALUES (2157846539732, 'method_poor@yahoo.com', '2024-02-06 01:04:19', 'В обработке', NULL);
INSERT INTO orders (order_id, login, order_date, status, secret) VALUES (4135995240462, 'task_purpose@yahoo.com', '2024-06-01 11:25:35', 'Отправлен', NULL);
INSERT INTO orders (order_id, login, order_date, status, secret) VALUES (9986753723742, 'stop_hospital@mail.ru', '2024-12-21 03:06:36', 'Неизвестно', NULL);
INSERT INTO orders (order_id, login, order_date, status, secret) VALUES (2698402748170, 'learn_number@hotmail.com', '2024-02-26 22:14:50', 'Доставлен', NULL);
INSERT INTO orders (order_id, login, order_date, status, secret) VALUES (9663956433707, 'former_number@hotmail.com', '2024-12-03 22:58:41', 'Неизвестно', NULL);
INSERT INTO orders (order_id, login, order_date, status, secret) VALUES (8907698847783, 'administration_hundred@yahoo.com', '2024-10-16 12:40:10', 'Застрял', NULL);
INSERT INTO orders (order_id, login, order_date, status, secret) VALUES (9821627388132, 'operation_science@yahoo.com', '2024-05-08 08:08:35', 'Доставлен', NULL);
INSERT INTO orders (order_id, login, order_date, status, secret) VALUES (6866475635000, 'gas_else@rambler.ru', '2024-04-13 07:56:38', 'Неизвестно', NULL);
INSERT INTO orders (order_id, login, order_date, status, secret) VALUES (7440050398550, 'month_media@mail.ru', '2024-08-03 02:48:04', 'Потерян', NULL);


--
INSERT INTO prescriptions (prescription_id, login, doctor_name, issue_date, expiration_date, medication_id, secret) VALUES (9751038874194, 'population_meet@rambler.ru', 'Юлия Алексеевна Соболева', '2024-04-04', '2024-03-20', 4934327971841, NULL);
INSERT INTO prescriptions (prescription_id, login, doctor_name, issue_date, expiration_date, medication_id, secret) VALUES (7604801299651, 'blue_treatment@yahoo.com', 'Фома Дорофеевич Давыдов', '2024-06-10', '2024-07-10', 3324674902963, NULL);
INSERT INTO prescriptions (prescription_id, login, doctor_name, issue_date, expiration_date, medication_id, secret) VALUES (8978529026493, 'identify_power@mail.ru', 'Михайлов Гостомысл Данилович', '2024-06-25', '2024-11-13', 1868301014886, NULL);
INSERT INTO prescriptions (prescription_id, login, doctor_name, issue_date, expiration_date, medication_id, secret) VALUES (1376510849200, 'now_space@mail.ru', 'Ульян Филимонович Ширяев', '2024-12-02', '2024-02-13', 8944397431400, NULL);
INSERT INTO prescriptions (prescription_id, login, doctor_name, issue_date, expiration_date, medication_id, secret) VALUES (4525775319639, 'decision_especially@mail.ru', 'Нина Ефимовна Сергеева', '2024-12-01', '2024-07-09', 935639197473, NULL);
INSERT INTO prescriptions (prescription_id, login, doctor_name, issue_date, expiration_date, medication_id, secret) VALUES (3759794473947, 'decision_especially@mail.ru', 'Давыдов Дементий Афанасьевич', '2024-02-06', '2024-11-14', 7093999219303, NULL);
INSERT INTO prescriptions (prescription_id, login, doctor_name, issue_date, expiration_date, medication_id, secret) VALUES (3145033403767, 'answer_wrong@yahoo.com', 'Андрей Герасимович Фадеев', '2024-02-11', '2024-09-30', 2441798980149, NULL);
INSERT INTO prescriptions (prescription_id, login, doctor_name, issue_date, expiration_date, medication_id, secret) VALUES (7447821430402, 'fish_growth@hotmail.com', 'Бирюкова Лора Матвеевна', '2024-06-05', '2024-06-13', 7994367228463, 'ibks_ctf{2ea0ea58bfe6e7d6}');
INSERT INTO prescriptions (prescription_id, login, doctor_name, issue_date, expiration_date, medication_id, secret) VALUES (3424344160379, 'yeah_down@mail.ru', 'Некрасов Леон Витальевич', '2024-09-09', '2024-06-11', 7521495978092, NULL);
INSERT INTO prescriptions (prescription_id, login, doctor_name, issue_date, expiration_date, medication_id, secret) VALUES (1013767947418, 'together_impact@yandex.ru', 'Кондратий Вилорович Баранов', '2024-07-02', '2024-10-27', 1010237165884, NULL);
INSERT INTO prescriptions (prescription_id, login, doctor_name, issue_date, expiration_date, medication_id, secret) VALUES (3773816700873, 'action_defense@rambler.ru', 'Вероника Ильинична Доронина', '2024-08-03', '2024-09-19', 6632208974148, NULL);
INSERT INTO prescriptions (prescription_id, login, doctor_name, issue_date, expiration_date, medication_id, secret) VALUES (6388813021653, 'according_space@rambler.ru', 'Белякова Мария Григорьевна', '2024-10-01', '2024-08-08', 2732209764459, NULL);
INSERT INTO prescriptions (prescription_id, login, doctor_name, issue_date, expiration_date, medication_id, secret) VALUES (4412250687270, 'power_sing@mail.ru', 'Таисия Валериевна Карпова', '2024-04-11', '2024-10-06', 7966595566426, NULL);
INSERT INTO prescriptions (prescription_id, login, doctor_name, issue_date, expiration_date, medication_id, secret) VALUES (2368419930935, 'site_add@yahoo.com', 'Вадим Феликсович Никитин', '2024-08-22', '2024-12-06', 8122313581266, NULL);
INSERT INTO prescriptions (prescription_id, login, doctor_name, issue_date, expiration_date, medication_id, secret) VALUES (58662331536, 'up_day@mail.ru', 'Иосиф Эдуардович Логинов', '2024-05-09', '2024-12-30', 9085648131973, NULL);
INSERT INTO prescriptions (prescription_id, login, doctor_name, issue_date, expiration_date, medication_id, secret) VALUES (9623303219545, 'amount_indicate@rambler.ru', 'тов. Поляков Рубен Ерофеевич', '2024-06-03', '2024-10-28', 8818500439754, NULL);
INSERT INTO prescriptions (prescription_id, login, doctor_name, issue_date, expiration_date, medication_id, secret) VALUES (7853250034935, 'none_social@rambler.ru', 'Твердислав Евстигнеевич Белов', '2024-03-13', '2024-03-25', 7431754363043, NULL);
INSERT INTO prescriptions (prescription_id, login, doctor_name, issue_date, expiration_date, medication_id, secret) VALUES (5700578770644, 'learn_number@hotmail.com', 'Николаев Аверкий Феодосьевич', '2024-05-03', '2024-09-18', 5865833355070, NULL);
INSERT INTO prescriptions (prescription_id, login, doctor_name, issue_date, expiration_date, medication_id, secret) VALUES (5671426469761, 'allow_same@rambler.ru', 'Мария Геннадьевна Калинина', '2024-12-16', '2024-12-27', 2444240317937, NULL);
INSERT INTO prescriptions (prescription_id, login, doctor_name, issue_date, expiration_date, medication_id, secret) VALUES (11726867297, 'decision_especially@mail.ru', 'Гусев Андроник Гавриилович', '2024-12-14', '2024-09-03', 8480820546308, NULL);
INSERT INTO prescriptions (prescription_id, login, doctor_name, issue_date, expiration_date, medication_id, secret) VALUES (6119585323733, 'meet_act@mail.ru', 'Федосеев Милий Давидович', '2024-06-25', '2024-08-03', 1586269451276, NULL);
INSERT INTO prescriptions (prescription_id, login, doctor_name, issue_date, expiration_date, medication_id, secret) VALUES (5920193818860, 'wear_attorney@gmail.com', 'Татьяна Юрьевна Пахомова', '2024-12-12', '2024-08-07', 9871790279638, NULL);
INSERT INTO prescriptions (prescription_id, login, doctor_name, issue_date, expiration_date, medication_id, secret) VALUES (4836658336484, 'politics_not@gmail.com', 'Федотова Анастасия Валентиновна', '2024-09-16', '2024-02-05', 2444240317937, NULL);
INSERT INTO prescriptions (prescription_id, login, doctor_name, issue_date, expiration_date, medication_id, secret) VALUES (1938582781279, 'trade_lawyer@gmail.com', 'Уваров Остап Валерьянович', '2024-05-16', '2024-09-06', 4918702754069, NULL);
INSERT INTO prescriptions (prescription_id, login, doctor_name, issue_date, expiration_date, medication_id, secret) VALUES (5513541342393, 'discussion_toward@gmail.com', 'Волкова Евпраксия Эльдаровна', '2024-04-11', '2024-07-28', 6503467626157, NULL);
INSERT INTO prescriptions (prescription_id, login, doctor_name, issue_date, expiration_date, medication_id, secret) VALUES (2576030031676, 'stop_garden@gmail.com', 'Наумова Елизавета Оскаровна', '2024-01-31', '2024-05-28', 6452951369820, NULL);
INSERT INTO prescriptions (prescription_id, login, doctor_name, issue_date, expiration_date, medication_id, secret) VALUES (9154503408175, 'energy_offer@rambler.ru', 'Виноградов Фома Гурьевич', '2024-09-04', '2024-10-25', 9085648131973, NULL);
INSERT INTO prescriptions (prescription_id, login, doctor_name, issue_date, expiration_date, medication_id, secret) VALUES (8874469223803, 'still_member@yandex.ru', 'Костина Наина Леоновна', '2024-03-17', '2024-09-27', 5018903477237, NULL);
INSERT INTO prescriptions (prescription_id, login, doctor_name, issue_date, expiration_date, medication_id, secret) VALUES (2362359364003, 'month_media@mail.ru', 'Тимофеев Епифан Ефстафьевич', '2024-07-05', '2024-09-25', 1582679698683, NULL);
INSERT INTO prescriptions (prescription_id, login, doctor_name, issue_date, expiration_date, medication_id, secret) VALUES (9015166581028, 'administration_hundred@yahoo.com', 'Радим Исидорович Мартынов', '2024-11-17', '2024-04-20', 8299244992925, NULL);
INSERT INTO prescriptions (prescription_id, login, doctor_name, issue_date, expiration_date, medication_id, secret) VALUES (1274799118072, 'true_hot@yandex.ru', 'Вера Руслановна Герасимова', '2024-03-04', '2024-01-15', 9675065599687, NULL);
INSERT INTO prescriptions (prescription_id, login, doctor_name, issue_date, expiration_date, medication_id, secret) VALUES (5602825284617, 'single_party@gmail.com', 'Ираида Анатольевна Жукова', '2024-07-28', '2024-08-08', 7994367228463, NULL);
INSERT INTO prescriptions (prescription_id, login, doctor_name, issue_date, expiration_date, medication_id, secret) VALUES (7790386527910, 'country_sport@gmail.com', 'Наина Робертовна Власова', '2024-06-10', '2024-08-23', 8480820546308, NULL);
INSERT INTO prescriptions (prescription_id, login, doctor_name, issue_date, expiration_date, medication_id, secret) VALUES (2311232688309, 'yeah_down@mail.ru', 'Эмилия Ниловна Шарова', '2024-11-13', '2024-08-19', 8471714931782, NULL);
INSERT INTO prescriptions (prescription_id, login, doctor_name, issue_date, expiration_date, medication_id, secret) VALUES (2443847485117, 'future_central@gmail.com', 'Анжела Петровна Агафонова', '2024-01-30', '2024-09-03', 2639137148675, NULL);
INSERT INTO prescriptions (prescription_id, login, doctor_name, issue_date, expiration_date, medication_id, secret) VALUES (1517760176269, 'administration_state@yahoo.com', 'Ксения Ильинична Григорьева', '2024-05-25', '2024-03-24', 9319849608249, NULL);
INSERT INTO prescriptions (prescription_id, login, doctor_name, issue_date, expiration_date, medication_id, secret) VALUES (9439165671939, 'point_well@gmail.com', 'Евстигней Харлампович Пахомов', '2024-05-14', '2024-04-26', 8164673169357, NULL);
INSERT INTO prescriptions (prescription_id, login, doctor_name, issue_date, expiration_date, medication_id, secret) VALUES (8292828922691, 'trade_lawyer@gmail.com', 'Добромысл Елисеевич Калашников', '2024-01-21', '2024-03-28', 7621728289992, NULL);
INSERT INTO prescriptions (prescription_id, login, doctor_name, issue_date, expiration_date, medication_id, secret) VALUES (519488239722, 'energy_offer@rambler.ru', 'Ангелина Афанасьевна Мельникова', '2024-06-01', '2024-11-17', 8542443371542, NULL);
INSERT INTO prescriptions (prescription_id, login, doctor_name, issue_date, expiration_date, medication_id, secret) VALUES (222509905604, 'society_can@mail.ru', 'Бирюкова Нина Тарасовна', '2024-07-21', '2024-10-18', 5865833355070, NULL);
INSERT INTO prescriptions (prescription_id, login, doctor_name, issue_date, expiration_date, medication_id, secret) VALUES (2835951646681, 'still_member@yandex.ru', 'Филатов Павел Георгиевич', '2024-10-14', '2024-09-06', 6606171620715, NULL);
INSERT INTO prescriptions (prescription_id, login, doctor_name, issue_date, expiration_date, medication_id, secret) VALUES (5424053877795, 'stop_hospital@mail.ru', 'Изяслав Филиппович Волков', '2024-01-21', '2024-03-12', 3907918037852, NULL);
INSERT INTO prescriptions (prescription_id, login, doctor_name, issue_date, expiration_date, medication_id, secret) VALUES (2292653324864, 'laugh_either@mail.ru', 'Антонина Евгеньевна Лаврентьева', '2024-10-17', '2024-02-07', 9085648131973, NULL);
INSERT INTO prescriptions (prescription_id, login, doctor_name, issue_date, expiration_date, medication_id, secret) VALUES (7944853135270, 'task_purpose@yahoo.com', 'Светлана Натановна Селиверстова', '2024-03-21', '2024-11-12', 9675065599687, NULL);
INSERT INTO prescriptions (prescription_id, login, doctor_name, issue_date, expiration_date, medication_id, secret) VALUES (8419284477187, 'stop_garden@gmail.com', 'г-жа Фролова Любовь Святославовна', '2024-03-10', '2024-12-27', 8686364349942, NULL);
INSERT INTO prescriptions (prescription_id, login, doctor_name, issue_date, expiration_date, medication_id, secret) VALUES (7416690685985, 'Republican_view@gmail.com', 'Зоя Ильинична Фадеева', '2024-07-15', '2024-08-05', 4302582148597, NULL);
INSERT INTO prescriptions (prescription_id, login, doctor_name, issue_date, expiration_date, medication_id, secret) VALUES (1755249153794, 'ability_tend@rambler.ru', 'Гостомысл Тихонович Авдеев', '2024-08-26', '2024-09-25', 1868301014886, NULL);
INSERT INTO prescriptions (prescription_id, login, doctor_name, issue_date, expiration_date, medication_id, secret) VALUES (8132511913196, 'society_can@mail.ru', 'Анна Эльдаровна Давыдова', '2024-08-13', '2024-11-14', 9675065599687, NULL);
INSERT INTO prescriptions (prescription_id, login, doctor_name, issue_date, expiration_date, medication_id, secret) VALUES (1487942986491, 'require_adult@mail.ru', 'Измаил Фокич Антонов', '2024-12-25', '2024-08-25', 494523480713, NULL);
INSERT INTO prescriptions (prescription_id, login, doctor_name, issue_date, expiration_date, medication_id, secret) VALUES (9153015153283, 'yeah_down@mail.ru', 'Алина Макаровна Голубева', '2024-09-13', '2024-11-22', 4646927788414, NULL);
INSERT INTO prescriptions (prescription_id, login, doctor_name, issue_date, expiration_date, medication_id, secret) VALUES (2578524612385, 'power_sing@mail.ru', 'Большакова Акулина Кузьминична', '2024-06-12', '2024-06-13', 5018903477237, NULL);
INSERT INTO prescriptions (prescription_id, login, doctor_name, issue_date, expiration_date, medication_id, secret) VALUES (7337901560160, 'learn_number@hotmail.com', 'Нестеров Борис Тихонович', '2024-05-17', '2024-02-18', 182582593757, NULL);
INSERT INTO prescriptions (prescription_id, login, doctor_name, issue_date, expiration_date, medication_id, secret) VALUES (5406422730146, 'how_push@hotmail.com', 'Кира Артемовна Ситникова', '2024-05-05', '2024-05-23', 935639197473, NULL);
INSERT INTO prescriptions (prescription_id, login, doctor_name, issue_date, expiration_date, medication_id, secret) VALUES (3640557294667, 'politics_not@gmail.com', 'Радислав Августович Рябов', '2024-07-21', '2024-08-05', 1331261452451, NULL);
INSERT INTO prescriptions (prescription_id, login, doctor_name, issue_date, expiration_date, medication_id, secret) VALUES (6167322168963, 'trade_lawyer@gmail.com', 'Жданов Эмиль Чеславович', '2024-11-09', '2024-12-30', 4147007146785, NULL);
INSERT INTO prescriptions (prescription_id, login, doctor_name, issue_date, expiration_date, medication_id, secret) VALUES (4339948546711, 'learn_number@hotmail.com', 'Галкин Кир Елисеевич', '2024-04-02', '2024-01-07', 3738924754743, NULL);
INSERT INTO prescriptions (prescription_id, login, doctor_name, issue_date, expiration_date, medication_id, secret) VALUES (5155916100469, 'hand_put@rambler.ru', 'Ульяна Никифоровна Быкова', '2024-01-11', '2024-10-23', 6097136384900, NULL);
INSERT INTO prescriptions (prescription_id, login, doctor_name, issue_date, expiration_date, medication_id, secret) VALUES (765346694183, 'trade_lawyer@gmail.com', 'Никодим Феоктистович Михеев', '2024-03-07', '2024-05-11', 963195318094, NULL);
INSERT INTO prescriptions (prescription_id, login, doctor_name, issue_date, expiration_date, medication_id, secret) VALUES (9289607248744, 'site_add@yahoo.com', 'Радован Игоревич Быков', '2024-05-07', '2024-03-28', 6609015285552, NULL);
INSERT INTO prescriptions (prescription_id, login, doctor_name, issue_date, expiration_date, medication_id, secret) VALUES (23918329735, 'agree_side@hotmail.com', 'Рябов Руслан Афанасьевич', '2024-07-16', '2024-01-03', 4945910028750, NULL);
INSERT INTO prescriptions (prescription_id, login, doctor_name, issue_date, expiration_date, medication_id, secret) VALUES (2473951776559, 'our_major@mail.ru', 'Пахомов Виктор Гертрудович', '2024-08-12', '2024-01-21', 364003615631, NULL);
INSERT INTO prescriptions (prescription_id, login, doctor_name, issue_date, expiration_date, medication_id, secret) VALUES (5583360217349, 'society_can@mail.ru', 'Сидорова Жанна Наумовна', '2024-09-20', '2024-12-29', 7994367228463, NULL);
INSERT INTO prescriptions (prescription_id, login, doctor_name, issue_date, expiration_date, medication_id, secret) VALUES (1457457127405, 'nature_stay@gmail.com', 'Суворова Ангелина Станиславовна', '2024-05-25', '2024-10-07', 1626338570283, NULL);
INSERT INTO prescriptions (prescription_id, login, doctor_name, issue_date, expiration_date, medication_id, secret) VALUES (4329526317178, 'stop_hospital@mail.ru', 'Мартын Еремеевич Зиновьев', '2024-11-21', '2024-03-23', 1149250986975, NULL);
INSERT INTO prescriptions (prescription_id, login, doctor_name, issue_date, expiration_date, medication_id, secret) VALUES (8231886520241, 'data_very@yandex.ru', 'Харлампий Ануфриевич Новиков', '2024-04-11', '2024-08-09', 9899486233870, NULL);
INSERT INTO prescriptions (prescription_id, login, doctor_name, issue_date, expiration_date, medication_id, secret) VALUES (6442245222795, 'itself_practice@gmail.com', 'Агафон Бориславович Щербаков', '2024-08-05', '2024-03-26', 8017774380926, NULL);
INSERT INTO prescriptions (prescription_id, login, doctor_name, issue_date, expiration_date, medication_id, secret) VALUES (653726278682, 'class_your@yandex.ru', 'Лазарева Ксения Максимовна', '2024-10-14', '2024-03-21', 4934327971841, NULL);
INSERT INTO prescriptions (prescription_id, login, doctor_name, issue_date, expiration_date, medication_id, secret) VALUES (8339329935109, 'much_perhaps@mail.ru', 'Юлия Филипповна Кошелева', '2024-12-26', '2024-09-29', 2155014216720, NULL);
INSERT INTO prescriptions (prescription_id, login, doctor_name, issue_date, expiration_date, medication_id, secret) VALUES (8648903144487, 'month_media@mail.ru', 'Кир Тихонович Лыткин', '2024-04-24', '2024-03-29', 7621728289992, NULL);
INSERT INTO prescriptions (prescription_id, login, doctor_name, issue_date, expiration_date, medication_id, secret) VALUES (8768719190277, 'stay_hospital@yahoo.com', 'Морозова Лариса Святославовна', '2024-03-03', '2024-07-30', 2732209764459, NULL);
INSERT INTO prescriptions (prescription_id, login, doctor_name, issue_date, expiration_date, medication_id, secret) VALUES (4013639434593, 'nature_stay@gmail.com', 'Беспалова Нинель Оскаровна', '2024-02-18', '2024-08-03', 6606171620715, NULL);
INSERT INTO prescriptions (prescription_id, login, doctor_name, issue_date, expiration_date, medication_id, secret) VALUES (9224455844656, 'month_media@mail.ru', 'Христофор Фомич Суханов', '2024-03-12', '2024-02-04', 6848728578098, NULL);
INSERT INTO prescriptions (prescription_id, login, doctor_name, issue_date, expiration_date, medication_id, secret) VALUES (5207306402322, 'save_including@mail.ru', 'Жукова Прасковья Архиповна', '2024-01-28', '2024-08-13', 955476690036, NULL);
INSERT INTO prescriptions (prescription_id, login, doctor_name, issue_date, expiration_date, medication_id, secret) VALUES (949173402276, 'remember_again@rambler.ru', 'Аполлон Августович Молчанов', '2024-07-02', '2024-05-19', 494523480713, NULL);
INSERT INTO prescriptions (prescription_id, login, doctor_name, issue_date, expiration_date, medication_id, secret) VALUES (1181599279134, 'operation_science@yahoo.com', 'Родион Федосеевич Панов', '2024-11-21', '2024-07-04', 1913714493558, NULL);
INSERT INTO prescriptions (prescription_id, login, doctor_name, issue_date, expiration_date, medication_id, secret) VALUES (7338931013398, 'force_job@yandex.ru', 'Эрнст Игнатович Устинов', '2024-09-22', '2024-01-24', 6817055568218, NULL);
INSERT INTO prescriptions (prescription_id, login, doctor_name, issue_date, expiration_date, medication_id, secret) VALUES (6212591778280, 'nature_stay@gmail.com', 'Артемий Александрович Осипов', '2024-12-04', '2024-05-24', 4147007146785, NULL);
INSERT INTO prescriptions (prescription_id, login, doctor_name, issue_date, expiration_date, medication_id, secret) VALUES (7132321332942, 'nature_stay@gmail.com', 'Боян Георгиевич Васильев', '2024-04-20', '2024-10-14', 1586269451276, NULL);
INSERT INTO prescriptions (prescription_id, login, doctor_name, issue_date, expiration_date, medication_id, secret) VALUES (7670246819907, 'energy_offer@rambler.ru', 'Максимова Иванна Рубеновна', '2024-02-04', '2024-10-30', 6848728578098, NULL);
INSERT INTO prescriptions (prescription_id, login, doctor_name, issue_date, expiration_date, medication_id, secret) VALUES (7709069449876, 'identify_power@mail.ru', 'Аркадий Даниилович Уваров', '2024-07-24', '2024-03-31', 6092491803332, NULL);
INSERT INTO prescriptions (prescription_id, login, doctor_name, issue_date, expiration_date, medication_id, secret) VALUES (2169698760202, 'still_member@yandex.ru', 'Галактион Аверьянович Быков', '2024-05-12', '2024-06-12', 2639137148675, NULL);
INSERT INTO prescriptions (prescription_id, login, doctor_name, issue_date, expiration_date, medication_id, secret) VALUES (7923373042763, 'other_computer@yahoo.com', 'Фаина Олеговна Горшкова', '2024-10-27', '2024-02-15', 5713617871240, NULL);
INSERT INTO prescriptions (prescription_id, login, doctor_name, issue_date, expiration_date, medication_id, secret) VALUES (6780053208250, 'test_difficult@yahoo.com', 'Семенова Ульяна Феликсовна', '2024-04-10', '2024-09-22', 4918702754069, NULL);
INSERT INTO prescriptions (prescription_id, login, doctor_name, issue_date, expiration_date, medication_id, secret) VALUES (7066388691950, 'gas_else@rambler.ru', 'Октябрина Альбертовна Терентьева', '2024-09-26', '2024-01-23', 7847140625327, NULL);
INSERT INTO prescriptions (prescription_id, login, doctor_name, issue_date, expiration_date, medication_id, secret) VALUES (3376490080844, 'other_computer@yahoo.com', 'Карп Аксёнович Фадеев', '2024-02-16', '2024-03-27', 6221439683747, NULL);
INSERT INTO prescriptions (prescription_id, login, doctor_name, issue_date, expiration_date, medication_id, secret) VALUES (6734845551161, 'movie_draw@gmail.com', 'Никон Дорофеевич Голубев', '2024-09-30', '2024-06-22', 8017774380926, NULL);
INSERT INTO prescriptions (prescription_id, login, doctor_name, issue_date, expiration_date, medication_id, secret) VALUES (5654837043355, 'our_major@mail.ru', 'Парфен Филиппович Шестаков', '2024-05-10', '2024-07-07', 6632208974148, NULL);
INSERT INTO prescriptions (prescription_id, login, doctor_name, issue_date, expiration_date, medication_id, secret) VALUES (4682245539420, 'method_poor@yahoo.com', 'Белозерова Тамара Викторовна', '2024-12-20', '2024-12-20', 4106572942406, NULL);
INSERT INTO prescriptions (prescription_id, login, doctor_name, issue_date, expiration_date, medication_id, secret) VALUES (3041866802596, 'hand_put@rambler.ru', 'Евфросиния Алексеевна Ковалева', '2024-05-10', '2024-08-01', 7621728289992, NULL);
INSERT INTO prescriptions (prescription_id, login, doctor_name, issue_date, expiration_date, medication_id, secret) VALUES (5459169347191, 'our_major@mail.ru', 'Харитон Гордеевич Симонов', '2024-11-11', '2024-05-18', 8017774380926, NULL);
INSERT INTO prescriptions (prescription_id, login, doctor_name, issue_date, expiration_date, medication_id, secret) VALUES (2482515199093, 'create_baby@yandex.ru', 'Алла Станиславовна Ефимова', '2024-11-11', '2024-10-27', 6606171620715, NULL);
INSERT INTO prescriptions (prescription_id, login, doctor_name, issue_date, expiration_date, medication_id, secret) VALUES (2735308369136, 'still_member@yandex.ru', 'Кузьмин Трофим Тарасович', '2024-07-19', '2024-03-03', 4325349839378, NULL);
INSERT INTO prescriptions (prescription_id, login, doctor_name, issue_date, expiration_date, medication_id, secret) VALUES (7197327859275, 'tax_everyone@rambler.ru', 'Елисеев Аполлон Иосипович', '2024-12-27', '2024-12-20', 2444240317937, NULL);
INSERT INTO prescriptions (prescription_id, login, doctor_name, issue_date, expiration_date, medication_id, secret) VALUES (2399769195606, 'meet_act@mail.ru', 'Елена Ждановна Сазонова', '2024-05-20', '2024-04-03', 2725555492725, NULL);
INSERT INTO prescriptions (prescription_id, login, doctor_name, issue_date, expiration_date, medication_id, secret) VALUES (7919213084550, 'nice_team@hotmail.com', 'Феврония Кузьминична Фролова', '2024-02-06', '2024-08-01', 2073117195387, NULL);
INSERT INTO prescriptions (prescription_id, login, doctor_name, issue_date, expiration_date, medication_id, secret) VALUES (9484691045549, 'society_can@mail.ru', 'Анастасия Романовна Лазарева', '2024-05-01', '2024-08-25', 1511746316519, NULL);
INSERT INTO prescriptions (prescription_id, login, doctor_name, issue_date, expiration_date, medication_id, secret) VALUES (1683329757306, 'remember_again@rambler.ru', 'Орест Вилорович Осипов', '2024-05-25', '2024-05-23', 2444240317937, NULL);
INSERT INTO prescriptions (prescription_id, login, doctor_name, issue_date, expiration_date, medication_id, secret) VALUES (8711323709120, 'evening_describe@rambler.ru', 'Юдин Лев Марсович', '2024-05-11', '2024-07-16', 6923605958924, NULL);
INSERT INTO prescriptions (prescription_id, login, doctor_name, issue_date, expiration_date, medication_id, secret) VALUES (449412724027, 'budget_role@gmail.com', 'Силин Виталий Тарасович', '2024-06-02', '2024-08-16', 966065682707, NULL);
INSERT INTO prescriptions (prescription_id, login, doctor_name, issue_date, expiration_date, medication_id, secret) VALUES (4514805825301, 'site_add@yahoo.com', 'Антонова Вера Дмитриевна', '2024-09-15', '2024-08-30', 2155014216720, NULL);


--
INSERT INTO medication_manufacturers (manufacturer_name, country, contact_number, contact_email, secret) VALUES ('ЭтернаСофт', 'Демократическая Республика Конго', '+7 609 582 40 51', 'teacher_travel@rambler.ru', NULL);
INSERT INTO medication_manufacturers (manufacturer_name, country, contact_number, contact_email, secret) VALUES ('Нимбус Лабс', 'Исландия', '+72939477759', 'probably_significant@gmail.com', NULL);
INSERT INTO medication_manufacturers (manufacturer_name, country, contact_number, contact_email, secret) VALUES ('ЯркийПуть', 'Суринам', '+75076670145', 'field_brother@yahoo.com', NULL);
INSERT INTO medication_manufacturers (manufacturer_name, country, contact_number, contact_email, secret) VALUES ('ЭпическаяКромка', 'Польша', '+7 141 770 1654', 'hair_local@yandex.ru', NULL);
INSERT INTO medication_manufacturers (manufacturer_name, country, contact_number, contact_email, secret) VALUES ('Динамика Венчурс', 'Армения', '+7 (375) 057-84-89', 'avoid_wait@rambler.ru', NULL);
INSERT INTO medication_manufacturers (manufacturer_name, country, contact_number, contact_email, secret) VALUES ('БесконечныйКрай', 'Барбадос', '81932834079', 'mention_grow@gmail.com', NULL);
INSERT INTO medication_manufacturers (manufacturer_name, country, contact_number, contact_email, secret) VALUES ('ДуматьВперед', 'Черногория', '8 518 003 9759', 'admit_film@rambler.ru', NULL);
INSERT INTO medication_manufacturers (manufacturer_name, country, contact_number, contact_email, secret) VALUES ('Цифровой Горизонт', 'Доминиканская Республика', '+7 484 728 2145', 'blood_state@hotmail.com', NULL);
INSERT INTO medication_manufacturers (manufacturer_name, country, contact_number, contact_email, secret) VALUES ('СледПоколение', 'Португалия', '8 532 847 74 95', 'compare_station@yahoo.com', NULL);
INSERT INTO medication_manufacturers (manufacturer_name, country, contact_number, contact_email, secret) VALUES ('БудущееРешения', 'Австралия', '+7 (566) 549-15-30', 'town_pretty@mail.ru', NULL);
INSERT INTO medication_manufacturers (manufacturer_name, country, contact_number, contact_email, secret) VALUES ('АльфаТех', 'Турция', '8 130 109 9745', 'happen_call@rambler.ru', NULL);
INSERT INTO medication_manufacturers (manufacturer_name, country, contact_number, contact_email, secret) VALUES ('ФьюжнЛогика', 'Мьянма', '+7 529 105 6344', 'which_thank@hotmail.com', NULL);
INSERT INTO medication_manufacturers (manufacturer_name, country, contact_number, contact_email, secret) VALUES ('ИнноваКорп', 'Сьерра-Леоне', '+7 (064) 452-9781', 'share_leader@mail.ru', NULL);
INSERT INTO medication_manufacturers (manufacturer_name, country, contact_number, contact_email, secret) VALUES ('Аспайр Холдинг', 'Танзания', '8 075 992 3096', 'nor_take@mail.ru', NULL);
INSERT INTO medication_manufacturers (manufacturer_name, country, contact_number, contact_email, secret) VALUES ('ИстинныйСевер', 'Фиджи', '+7 (086) 002-47-49', 'news_tend@mail.ru', NULL);
INSERT INTO medication_manufacturers (manufacturer_name, country, contact_number, contact_email, secret) VALUES ('ЯдроЛогики', 'Сингапур', '8 354 179 32 76', 'test_style@yahoo.com', NULL);
INSERT INTO medication_manufacturers (manufacturer_name, country, contact_number, contact_email, secret) VALUES ('Нексус Глобал', 'Науру', '+7 (856) 727-55-02', 'light_few@rambler.ru', NULL);
INSERT INTO medication_manufacturers (manufacturer_name, country, contact_number, contact_email, secret) VALUES ('ВершинныеИнновации', 'Дания', '+7 370 277 3865', 'tough_value@mail.ru', NULL);
INSERT INTO medication_manufacturers (manufacturer_name, country, contact_number, contact_email, secret) VALUES ('ОптиКор', 'Замбия', '+7 (030) 520-3855', 'speech_clearly@yahoo.com', NULL);
INSERT INTO medication_manufacturers (manufacturer_name, country, contact_number, contact_email, secret) VALUES ('Новые Горизонты', 'Сан-Марино', '8 (260) 525-1117', 'gun_will@rambler.ru', NULL);
INSERT INTO medication_manufacturers (manufacturer_name, country, contact_number, contact_email, secret) VALUES ('КвантовыеСистемы', 'Восточный Тимор', '8 574 160 1833', 'best_successful@yahoo.com', NULL);
INSERT INTO medication_manufacturers (manufacturer_name, country, contact_number, contact_email, secret) VALUES ('СветлоеБудущее', 'Мадагаскар', '8 (413) 700-5689', 'the_fight@gmail.com', NULL);
INSERT INTO medication_manufacturers (manufacturer_name, country, contact_number, contact_email, secret) VALUES ('Горизонт Венчуры', 'Папуа', '+7 187 641 2333', 'teach_whole@yahoo.com', NULL);
INSERT INTO medication_manufacturers (manufacturer_name, country, contact_number, contact_email, secret) VALUES ('ПраймВолна', 'Аргентина', '87340146469', 'far_have@rambler.ru', NULL);
INSERT INTO medication_manufacturers (manufacturer_name, country, contact_number, contact_email, secret) VALUES ('ГлобалТех', 'Колумбия', '+7 (556) 792-28-29', 'job_represent@rambler.ru', NULL);
INSERT INTO medication_manufacturers (manufacturer_name, country, contact_number, contact_email, secret) VALUES ('ЯсныйПуть Системы', 'Словения', '+7 436 809 3842', 'born_by@yahoo.com', NULL);
INSERT INTO medication_manufacturers (manufacturer_name, country, contact_number, contact_email, secret) VALUES ('ЭкоСфера', 'Ирак', '+7 489 035 4783', 'field_travel@mail.ru', NULL);
INSERT INTO medication_manufacturers (manufacturer_name, country, contact_number, contact_email, secret) VALUES ('ВизионныйКрай', 'Узбекистан', '+7 (943) 559-31-20', 'thus_law@yahoo.com', NULL);
INSERT INTO medication_manufacturers (manufacturer_name, country, contact_number, contact_email, secret) VALUES ('Трансценд Решения', 'Бельгия', '+78206599748', 'training_draw@mail.ru', NULL);
INSERT INTO medication_manufacturers (manufacturer_name, country, contact_number, contact_email, secret) VALUES ('ЗвездныеИндустрии', 'Греция', '83213793403', 'dinner_yes@rambler.ru', NULL);
INSERT INTO medication_manufacturers (manufacturer_name, country, contact_number, contact_email, secret) VALUES ('Саммит Групп', 'Бахрейн', '+7 479 851 2565', 'fly_message@hotmail.com', NULL);
INSERT INTO medication_manufacturers (manufacturer_name, country, contact_number, contact_email, secret) VALUES ('Визионеры Инк.', 'Литва', '+7 (301) 320-49-25', 'health_range@gmail.com', NULL);
INSERT INTO medication_manufacturers (manufacturer_name, country, contact_number, contact_email, secret) VALUES ('Вертекс Динамика', 'Суринам', '+7 818 521 06 32', 'risk_free@rambler.ru', NULL);
INSERT INTO medication_manufacturers (manufacturer_name, country, contact_number, contact_email, secret) VALUES ('СледующийШаг Глобал', 'Сирия', '8 (271) 611-1392', 'event_machine@yandex.ru', NULL);
INSERT INTO medication_manufacturers (manufacturer_name, country, contact_number, contact_email, secret) VALUES ('ПионерПредприятия', 'Филиппины', '8 (186) 440-6184', 'miss_happen@rambler.ru', NULL);
INSERT INTO medication_manufacturers (manufacturer_name, country, contact_number, contact_email, secret) VALUES ('УльтраКрай', 'Мьянма', '+7 438 035 69 42', 'production_seek@gmail.com', NULL);
INSERT INTO medication_manufacturers (manufacturer_name, country, contact_number, contact_email, secret) VALUES ('СинийОкеан', 'Алжир', '+7 (532) 085-72-90', 'per_everybody@yahoo.com', NULL);

